execution;case;issuerAccountNumber;UserID;BeneficiaryName;PhoneNumber;BankAddress1;BankAddress2;BeneficiaryCity;BeneficiaryRegion;BeneficiaryPostalCode;CountryCode;BankName;Currency;BankSWIFTBIC;BankAccountNumber;BankRoutingCode;BankCountryCode;WithdrawType;Remittance Line3;Remittance Line4;experror
disable;case1;;PAT21138887 ;case1;123;add 1;add 21;Toronto;GB;UK-232112;HRT;test1;USD;12345;1234sadas;USDF;USDF;;BOF XTRM Client 1;CGP010;Not authorized to access this resource.
disable;case2;SPN19134662;;case1;123;add 1;add 21;Toronto;GB;UK-232112;HRT;test1;USD;12345;1234sadas;USDF;USDF;;BOF XTRM Client 1;CGP010;UserID is Mandatory,Maximum length of Beneficiary CountryISO2 is 2,Maximum length of CountryISO2 is 2
disable;case3;SPN19134662;PAT21138887 ;;123;add 1;add 21;Toronto;GB;UK-232112;HRT;test1;USD;12345;1234sadas;USDF;USD;;BOF XTRM Client 1;CGP010;Beneficiary Name is Mandatory,Maximum length of Beneficiary CountryISO2 is 2,Maximum length of CountryISO2 is 2
disable;case4;SPN19134662;PAT21138887 ;case1;;add 1;add 21;Toronto;GB;UK-232112;HRT;test1;USD;12345;1234sadas;USDF;USDF;;BOF XTRM Client 1;CGP010;Beneficiary Phone Number is Mandatory,Maximum length of Beneficiary CountryISO2 is 2,Maximum length of CountryISO2 is 2
disable;case5;SPN19134662;PAT21138887 ;case1;123;;;Toronto;GB;UK-232112;HRT;test1;USD;12345;1234sadas;USDF;USDF;;BOF XTRM Client 1;CGP010;Beneficiary AddressLine1 is Mandatory,Maximum length of Beneficiary CountryISO2 is 2,Maximum length of CountryISO2 is 2
disable;case6;SPN19134662;PAT21138887 ;case1;123;add 1;add 21;;GB;UK-232112;HRT;test1;USD;12345;1234sadas;USDF;USDF;;BOF XTRM Client 1;CGP010;Beneficiary City is Mandatory,Maximum length of Beneficiary CountryISO2 is 2,Maximum length of CountryISO2 is 2
disable;case7;SPN19134662;PAT21138887 ;case1;123;add 1;add 21;Toronto;GB123;UK-232112;HRT;test1;USD;12345;1234sadas;USDF;USDF;;BOF XTRM Client 1;CGP010;Maximum length of Beneficiary CountryISO2 is 2,Maximum length of CountryISO2 is 2
disable;case8;SPN19134662;PAT21138887 ;case1;123;add 1;add 21;Toronto;GB;;HRT;test1;USD;12345;1234sadas;USDF;USDF;;BOF XTRM Client 1;CGP010;Maximum length of Beneficiary CountryISO2 is 2,Beneficiary Postal Code is Mandatory,Maximum length of CountryISO2 is 2
disable;case9;SPN19134662;PAT21138887 ;case1;123;add 1;add 21;Toronto;GB;UK-232112;HRT;test1;USD;12345;1234sadas;USDF;USDF;;BOF XTRM Client 1;CGP010;Maximum length of Beneficiary CountryISO2 is 2,Maximum length of CountryISO2 is 2
disable;case10;SPN19134662;PAT21138887 ;case1;123;add 1;add 21;Toronto;GB;UK-232112;HRT;test1;USDfasdasdas;12345;1234sadas;USDF;USDF;;BOF XTRM Client 1;CGP010;Maximum length of Beneficiary CountryISO2 is 2,Maximum length of CountryISO2 is 2,Maximum length of Currency  is 3
disable;case11;SPN19134662;PAT21138887 ;case1;123;add 1;add 21;Toronto;GB;UK-232112;HRT;test1;USD;12345;1234sadas;USDF;USDF;;BOF XTRM Client 1;CGP010;Maximum length of Beneficiary CountryISO2 is 2,Maximum length of CountryISO2 is 2
disable;case12;SPN19134662;PAT21138887 ;case1;123;add 1;add 21;Toronto;GB;;HRT;test1;;12345;1234sadas;USDF;USDF;;BOF XTRM Client 1;CGP010;Maximum length of Beneficiary CountryISO2 is 2,Beneficiary Postal Code is Mandatory,Maximum length of CountryISO2 is 2,Bank Currency is Mandatory
disable;case13;SPN19134662;PAT21138887 ;case1;dasdas12das3;add 1;add 21;Toronto;GB;;HRT;test1;;12345;1234sadas;USDF;USDF;;BOF XTRM Client 1;CGP010;Maximum length of Beneficiary CountryISO2 is 2,Beneficiary Postal Code is Mandatory,Maximum length of CountryISO2 is 2,Bank Currency is Mandatory
disable;case14;SPN19134662;PAT21138887 ;case1;68dasd+59;add 1;add 21;Toronto;GB;;HRT;test1;;12345;1234sadas;USDF;USDF;;BOF XTRM Client 1;CGP010;Maximum length of Beneficiary CountryISO2 is 2,Beneficiary Postal Code is Mandatory,Maximum length of CountryISO2 is 2,Bank Currency is Mandatory
disable;case15;SPN19134662;PAT21138887 ;case1;;add 1;add 21;Kansas;;;;test1;USD;12345;1234sadas;;;;BOF XTRM Client 1;CGP010;Beneficiary Phone Number is Mandatory,Beneficiary Country ISO2 is Mandatory,Beneficiary Postal Code is Mandatory,Beneficiary Region is Mandatory,Bank Country ISO2 is Mandatory
disable;case16;SPN19134662;PAT1986;case1;6859;add 1;add 21;Kansas;US;UK-232112;US;test1;USD;12345;1234sadas;US;US;;BOF XTRM Client 1;CGP010;PAT1986 - Invalid ID
disable;case17;SPN19134662;PAT21138887 ;case1;65897513;add 1;add 21;Toronto;WA;6974;US;Wells Fargo NA;USD;;1234567;;US;LV;BOF XTRM Client 1;CGP010;{ErrorMessage:BankRoutingCode / NationalID is required.,FieldName:RoutingNumber,FieldLabel:Routing Number}
disable;case18;SPN19134662;PAT21138887 ;case1;65897513;add 1;add 21;Toronto;WA;6974;US;Wells Fargo NA;EUR;;1234567;;US;LV;BOF XTRM Client 1;CGP010;Low value for currency EUR is not currently supported.
disable;case19;SPN19134662;PAT21138887 ;case1;65897513;add 1;add 21;Toronto;WA;6974;US;Wells Fargo NA;BRL;;1234567;;BR;LV;BOF XTRM Client 1;CGP010;Low value for BR with BRL is not currently supported
disable;case20;SPN19134662;PAT21138887 ;case1;65897513;add 1;add 21;Toronto;WA;6974;US;Wells Fargo NA;GBP;;1234567;;US;HV;BOF XTRM Client 1;CGP010;{ErrorMessage:BankRoutingCode / NationalID is required.,FieldName:RoutingNumber,FieldLabel:Routing Number}
disable;case21;SPN19134662;PAT21138887 ;case1;65897513;add 1;add 21;Toronto;WA;6974;US;Wells Fargo NA;QAR;;1234567;;QA;LV;BOF XTRM Client 1;CGP010;Low value for QA with QAR is not currently supported
disable;case22;SPN19134662;PAT21138887 ;case1;65897513;add 1;add 21;Toronto;WA;6974;US;Wells Fargo NA;USD;;1234567;;QA;HV;BOF XTRM Client 1;CGP010;{ErrorMessage:BankAccountNumber must be formatted as IBAN,FieldName:,FieldLabel:},{ErrorMessage:Beneficiary SWIFT BIC is required.,FieldName:SWIFTBIC,FieldLabel:SWIFTBIC}
disable;case1_USD;SPN19134662;PAT21138887 ;;123456;;BankAddress2;Belmont ;California ;90001;US ;Bank of America Corporation ;USD ;;74057720;26009593;US ;;Remittance Line3;Remittance Line4;Beneficiary Name is Mandatory,Beneficiary AddressLine1 is Mandatory
disable;case2_USD;SPN19134662;PAT21138887 ;bene1;123456;bank address1;;Belmont ;California ;90001;US ;Bank of America Corporation ;USD ;;74057720;26009593;US ;;Remittance Line3;Remittance Line4;{ErrorMessage:Beneficiary address line 2 is required.,FieldName:AddressLine2,FieldLabel:AddressLine2},{ErrorMessage:ABA Number is invalid. Value should be exactly 9 digits long.,FieldName:RoutingNumber,FieldLabel:RoutingNumber}
disable;case3_USD;SPN19134662;PAT21138887 ;bene1;123456;bank address1;BankAddress2;;California ;90001;US ;Bank of America Corporation ;USD ;;74057720;26009593;US ;;Remittance Line3;Remittance Line4;Beneficiary City is Mandatory
disable;case4_USD;SPN19134662;PAT21138887 ;bene1;123456;bank address1;BankAddress2;Belmont ;;90001;US ;Bank of America Corporation ;USD ;;74057720;26009593;US ;;Remittance Line3;Remittance Line4;Beneficiary Region is Mandatory
disable;case5_USD;SPN19134662;PAT21138887 ;bene1;123456;bank address1;BankAddress2;Belmont ;California ;;US ;Bank of America Corporation ;USD ;;74057720;26009593;US ;;Remittance Line3;Remittance Line4;Beneficiary Postal Code is Mandatory
disable;case6_USD;SPN19134662;PAT21138887 ;bene1;123456;bank address1;BankAddress2;Belmont ;California ;90001;;Bank of America Corporation ;USD ;;74057720;26009593;US ;;Remittance Line3;Remittance Line4;Beneficiary Country ISO2 is Mandatory
disable;case7_USD;SPN19134662;PAT21138887 ;bene1;123456;;BankAddress2;Belmont ;California ;90001;US ;;USD ;;74057720;26009593;US ;;Remittance Line3;Remittance Line4;Beneficiary AddressLine1 is Mandatory,Institution Name is Mandatory
disable;case8_USD;SPN19134662;PAT21138887 ;bene1;123456;bank address1;BankAddress2;Belmont ;California ;90001;US ;Bank of America Corporation ;USD ;;;26009593;US ;;Remittance Line3;Remittance Line4;Bank Account Number is Mandatory
disable;case9_USD;SPN19134662;PAT21138887 ;bene1;123456;bank address1;BankAddress2;Belmont ;California ;90001;US ;Bank of America Corporation ;USD ;;74057720;;;;Remittance Line3;Remittance Line4;Bank Country ISO2 is Mandatory
disable;case10_USD;SPN19134662;PAT21138887 ;bene1;123456;bank address1;BankAddress2;Belmont ;California ;90001;US ;Bank of America Corporation ;USD ;;74057720;110100137;US ;;;;Invalid bank information
disable;case11_USD;SPN19134662;PAT21138887 ;bene1;123456;;BankAddress2;Belmont ;California ;90001;US ;Bank of America Corporation ;;;74057720;26009593;US ;;Remittance Line3;Remittance Line4;Beneficiary AddressLine1 is Mandatory,Bank Currency is Mandatory
disable;case12_USD;SPN19134662;PAT21138887 ;bene1;123456;bank address1;BankAddress2;Belmont ;California ;90001;US ;Bank of America Corporation ;1ad<;;74057720;26009593;US ;;Remittance Line3;Remittance Line4;Maximum length of Currency  is 3
disable;case13_USD;SPN19134662;PAT21138887 ;bene1;123456;bank address1;BankAddress2;Belmont ;California ;90001;US ;Bank of America Corporation ;USD ;;74057720;26009593;12;;Remittance Line3;Remittance Line4;Invalid bank information
enable;case14_USD;SPN19134662;PAT21138887 ;bene1;123456;bank address1;BankAddress2;Belmont ;dsasd13<;90001;12;Bank of America Corporation ;USD ;;74057720;260095093;US ;;Remittance Line3;Remittance Line4;Invalid bank information
disable;case15_USD;SPN19134662;PAT21138887 ;;;;;;;;;;;;;;;;;;Beneficiary Name is Mandatory,Beneficiary Phone Number is Mandatory,Beneficiary AddressLine1 is Mandatory,Beneficiary City is Mandatory,Beneficiary Country ISO2 is Mandatory,Beneficiary Postal Code is Mandatory,Beneficiary Region is Mandatory,Institution Name is Mandatory,Bank Account Number is Mandatory,Bank Country ISO2 is Mandatory,Bank Currency is Mandatory
disable;case16_USD;SPN19134662;PAT21138887 ;123456789fbnafadfadfbbafabafabfafjandfadfnadfndfbsdnvscnvbsnvbsndvbsdvbsdbvsnbvkvbsdvbsdvjsdbvsdvbsdv;1234567897856660000000000000000;123456789fbnafadfadfbbafabafabfafjandfadfnadfndfbsdnvscnvbsnvbsndvbsdvbsdbvsnbvkvbsdvbsdvjsdbvsdvbsdv;123456789fbnafadfadfbbafabafabfafjandfadfnadfndfbsdnvscnvbsnvbsndvbsdvbsdbvsnbvkvbsdvbsdvjsdbvsdvbsdv;123456789fbnafadfadfbbafabafabfafjandfadfnadfndfbsdnvscnvbsnvbsndvbsdvbsdbvsnbvkvbsdvbsdvjsdbvsdvbsdv;123456789fbnafadfadfbbafabafabfafjandfadfnadfndfbsdnvscnvbsnvbsndvbsdvbsdbvsnbvkvbsdvbsdvjsdbvsdvbsdv;90001;123456789fbnafadfadfbbafabafabfafjandfadfnadfndfbsdnvscnvbsnvbsndvbsdvbsdbvsnbvkvbsdvbsdvjsdbvsdvbsdv;123456789fbnafadfadfbbafabafabfafjandfadfnadfndfbsdnvscnvbsnvbsndvbsdvbsdbvsnbvkvbsdvbsdvjsdbvsdvbsdv;123456789fbnafadfadfbbafabafabfafjandfadfnadfndfbsdnvscnvbsnvbsndvbsdvbsdbvsnbvkvbsdvbsdvjsdbvsdvbsdv;123456789fbnafadfadfbbafabafabfafjandfadfnadfndfbsdnvscnvbsnvbsndvbsdvbsdbvsnbvkvbsdvbsdvjsdbvsdvbsdv;123456789fbnafadfadfbbafabafabfafjandfadfnadfndfbsdnvscnvbsnvbsndvbsdvbsdbvsnbvkvbsdvbsdvjsdbvsdvbsdv;123456789fbnafadfadfbbafabafabfafjandfadfnadfndfbsdnvscnvbsnvbsndvbsdvbsdbvsnbvkvbsdvbsdvjsdbvsdvbsdv;123456789fbnafadfadfbbafabafabfafjandfadfnadfndfbsdnvscnvbsnvbsndvbsdvbsdbvsnbvkvbsdvbsdvjsdbvsdvbsdv;123456789fbnafadfadfbbafabafabfafjandfadfnadfndfbsdnvscnvbsnvbsndvbsdvbsdbvsnbvkvbsdvbsdvjsdbvsdvbsdv;123456789fbnafadfadfbbafabafabfafjandfadfnadfndfbsdnvscnvbsnvbsndvbsdvbsdbvsnbvkvbsdvbsdvjsdbvsdvbsdv;123456789fbnafadfadfbbafabafabfafjandfadfnadfndfbsdnvscnvbsnvbsndvbsdvbsdbvsnbvkvbsdvbsdvjsdbvsdvbsdv;Maximum length of Beneficiary ContactName is 100,Maximum length of Beneficiary PhoneNumber is 15,Maximum length of Beneficiary AddressLine1 is 35,Maximum length of Beneficiary AddressLine2 is 35,Maximum length of Beneficiary City is 20,Maximum length of Beneficiary CountryISO2 is 2,Maximum length of Beneficiary Region is 30,Maximum length of InstitutionName  is 50,Maximum length of SWIFTBIC  is 12,Maximum length of AccountNumber  is 50,Maximum length of CountryISO2 is 2,Maximum length of Currency  is 3
disable;case17_USD;SPN19134662;PAT21138887 ;bene1;123456;bank address1;BankAddress2;Belmont ;California ;90001;US ;Bank of America Corporation ;USD ;;74057720;;;;Remittance Line3;Remittance Line4;Bank Country ISO2 is Mandatory
enable;case1_UK;SPN19134662;PAT21138887 ;;123456;;BankAddress2;Belmont ;London;90001;UK ;HSBC UK Bank Plc;GBP ;;74057720;26009593;UK;;Remittance Line3;Remittance Line4;Beneficiary Name is Mandatory,Beneficiary AddressLine1 is Mandatory
enable;case2_UK;SPN19134662;PAT21138887 ;bene1;123456;bank address1;;Belmont ;California ;90001;UK;HSBC UK Bank Plc;GBP ;;74057720;26009593;UK;;Remittance Line3;Remittance Line4;{ErrorMessage:Beneficiary address line 2 is required.,FieldName:AddressLine2,FieldLabel:AddressLine2}
enable;case3_UK;SPN19134662;PAT21138887 ;bene1;123456;bank address1;BankAddress2;;California ;90001;UK;HSBC UK Bank Plc;GBP ;;74057720;26009593;UK;;Remittance Line3;Remittance Line4;Beneficiary City is Mandatory
enable;case4_UK;SPN19134662;PAT21138887 ;bene1;123456;bank address1;BankAddress2;Belmont ;;90001;UK;HSBC UK Bank Plc;GBP ;;74057720;26009593;UK;;Remittance Line3;Remittance Line4;Beneficiary Region is Mandatory
enable;case5_UK;SPN19134662;PAT21138887 ;bene1;123456;bank address1;BankAddress2;Belmont ;California ;;UK;HSBC UK Bank Plc;GBP ;;74057720;26009593;UK;;Remittance Line3;Remittance Line4;Beneficiary Postal Code is Mandatory
enable;case6_UK;SPN19134662;PAT21138887 ;bene1;123456;bank address1;BankAddress2;Belmont ;California ;90001;;HSBC UK Bank Plc;GBP ;;74057720;26009593;UK;;Remittance Line3;Remittance Line4;Beneficiary Country ISO2 is Mandatory
enable;case7_UK;SPN19134662;PAT21138887 ;bene1;123456;;BankAddress2;Belmont ;California ;90001;UK;;GBP ;;74057720;26009593;UK;;Remittance Line3;Remittance Line4;Beneficiary AddressLine1 is Mandatory,Institution Name is Mandatory
enable;case8_UK;SPN19134662;PAT21138887 ;bene1;123456;bank address1;BankAddress2;Belmont ;California ;90001;UK;HSBC UK Bank Plc;GBP ;;;26009593;UK;;Remittance Line3;Remittance Line4;Bank Account Number is Mandatory
enable;case9_UK;SPN19134662;PAT21138887 ;bene1;123456;bank address1;BankAddress2;Belmont ;California ;90001;UK;HSBC UK Bank Plc;GBP ;;74057720;;;;Remittance Line3;Remittance Line4;Bank Country ISO2 is Mandatory
enable;case10_UK;SPN19134662;PAT21138887 ;bene1;123456;bank address1;BankAddress2;Belmont ;California ;90001;UK;HSBC UK Bank Plc;GBP ;;74057720;110100137;UK;;;;Invalid bank information
enable;case11_UK;SPN19134662;PAT21138887 ;bene1;123456;;BankAddress2;Belmont ;California ;90001;UK;HSBC UK Bank Plc;;;74057720;26009593;UK;;Remittance Line3;Remittance Line4;Beneficiary AddressLine1 is Mandatory,Bank Currency is Mandatory
enable;case12_UK;SPN19134662;PAT21138887 ;bene1;123456;bank address1;BankAddress2;Belmont ;California ;90001;UK;HSBC UK Bank Plc;1ad<;;74057720;26009593;UK;;Remittance Line3;Remittance Line4;Maximum length of Currency  is 3
enable;case13_UK;SPN19134662;PAT21138887 ;bene1;123456;bank address1;BankAddress2;Belmont ;California ;90001;UK;HSBC UK Bank Plc;GBP ;;74057720;26009593;12;;Remittance Line3;Remittance Line4;Invalid bank information
enable;case14_UK;SPN19134662;PAT21138887 ;bene1;123456;bank address1;BankAddress2;Belmont ;dsasd13<;90001;12;HSBC UK Bank Plc;GBP ;;74057720;260095093;UK;;Remittance Line3;Remittance Line4;Invalid bank information
enable;case15_UK;SPN19134662;PAT21138887 ;;;;;;;;;;;;;;;;;;Beneficiary Name is Mandatory,Beneficiary Phone Number is Mandatory,Beneficiary AddressLine1 is Mandatory,Beneficiary City is Mandatory,Beneficiary Country ISO2 is Mandatory,Beneficiary Postal Code is Mandatory,Beneficiary Region is Mandatory,Institution Name is Mandatory,Bank Account Number is Mandatory,Bank Country ISO2 is Mandatory,Bank Currency is Mandatory
enable;case16_UK;SPN19134662;PAT21138887 ;123456789fbnafadfadfbbafabafabfafjandfadfnadfndfbsdnvscnvbsnvbsndvbsdvbsdbvsnbvkvbsdvbsdvjsdbvsdvbsdv;1234567897856660000000000000000;123456789fbnafadfadfbbafabafabfafjandfadfnadfndfbsdnvscnvbsnvbsndvbsdvbsdbvsnbvkvbsdvbsdvjsdbvsdvbsdv;123456789fbnafadfadfbbafabafabfafjandfadfnadfndfbsdnvscnvbsnvbsndvbsdvbsdbvsnbvkvbsdvbsdvjsdbvsdvbsdv;123456789fbnafadfadfbbafabafabfafjandfadfnadfndfbsdnvscnvbsnvbsndvbsdvbsdbvsnbvkvbsdvbsdvjsdbvsdvbsdv;123456789fbnafadfadfbbafabafabfafjandfadfnadfndfbsdnvscnvbsnvbsndvbsdvbsdbvsnbvkvbsdvbsdvjsdbvsdvbsdv;90001;123456789fbnafadfadfbbafabafabfafjandfadfnadfndfbsdnvscnvbsnvbsndvbsdvbsdbvsnbvkvbsdvbsdvjsdbvsdvbsdv;123456789fbnafadfadfbbafabafabfafjandfadfnadfndfbsdnvscnvbsnvbsndvbsdvbsdbvsnbvkvbsdvbsdvjsdbvsdvbsdv;123456789fbnafadfadfbbafabafabfafjandfadfnadfndfbsdnvscnvbsnvbsndvbsdvbsdbvsnbvkvbsdvbsdvjsdbvsdvbsdv;123456789fbnafadfadfbbafabafabfafjandfadfnadfndfbsdnvscnvbsnvbsndvbsdvbsdbvsnbvkvbsdvbsdvjsdbvsdvbsdv;123456789fbnafadfadfbbafabafabfafjandfadfnadfndfbsdnvscnvbsnvbsndvbsdvbsdbvsnbvkvbsdvbsdvjsdbvsdvbsdv;123456789fbnafadfadfbbafabafabfafjandfadfnadfndfbsdnvscnvbsnvbsndvbsdvbsdbvsnbvkvbsdvbsdvjsdbvsdvbsdv;123456789fbnafadfadfbbafabafabfafjandfadfnadfndfbsdnvscnvbsnvbsndvbsdvbsdbvsnbvkvbsdvbsdvjsdbvsdvbsdv;123456789fbnafadfadfbbafabafabfafjandfadfnadfndfbsdnvscnvbsnvbsndvbsdvbsdbvsnbvkvbsdvbsdvjsdbvsdvbsdv;123456789fbnafadfadfbbafabafabfafjandfadfnadfndfbsdnvscnvbsnvbsndvbsdvbsdbvsnbvkvbsdvbsdvjsdbvsdvbsdv;123456789fbnafadfadfbbafabafabfafjandfadfnadfndfbsdnvscnvbsnvbsndvbsdvbsdbvsnbvkvbsdvbsdvjsdbvsdvbsdv;Maximum length of Beneficiary ContactName is 100,Maximum length of Beneficiary PhoneNumber is 15,Maximum length of Beneficiary AddressLine1 is 35,Maximum length of Beneficiary AddressLine2 is 35,Maximum length of Beneficiary City is 20,Maximum length of Beneficiary CountryISO2 is 2,Maximum length of Beneficiary Region is 30,Maximum length of InstitutionName  is 50,Maximum length of SWIFTBIC  is 12,Maximum length of AccountNumber  is 50,Maximum length of CountryISO2 is 2,Maximum length of Currency  is 3
enable;case17_UK;SPN19134662;PAT21138887 ;bene1;123456;bank address1;BankAddress2;Belmont ;California ;90001;UK;HSBC UK Bank Plc;GBP ;;74057720;;;;Remittance Line3;Remittance Line4;Bank Country ISO2 is Mandatory
enable;case1_IT;SPN19134662;PAT21138887 ;;123456;;BankAddress2;Belmont ;London;90001;IT ;Intesa San Paolo;EUR;;74057720;26009593;IT;;Remittance Line3;Remittance Line4;Beneficiary Name is Mandatory,Beneficiary AddressLine1 is Mandatory
enable;case2_IT;SPN19134662;PAT21138887 ;bene1;123456;bank address1;;Belmont ;California ;90001;IT;Intesa San Paolo;EUR;;74057720;26009593;IT;;Remittance Line3;Remittance Line4;{ErrorMessage:Beneficiary address line 2 is required.,FieldName:AddressLine2,FieldLabel:AddressLine2},{ErrorMessage:IBAN Number is invalid. Value must start with\IT\ followed by exactly 25 characters.,FieldName:AccountNumber,FieldLabel:AccountNumber}
enable;case3_IT;SPN19134662;PAT21138887 ;bene1;123456;bank address1;BankAddress2;;California ;90001;IT;Intesa San Paolo;EUR;;74057720;26009593;IT;;Remittance Line3;Remittance Line4;Beneficiary City is Mandatory
enable;case4_IT;SPN19134662;PAT21138887 ;bene1;123456;bank address1;BankAddress2;Belmont ;;90001;IT;Intesa San Paolo;EUR;;74057720;26009593;IT;;Remittance Line3;Remittance Line4;Beneficiary Region is Mandatory
enable;case5_IT;SPN19134662;PAT21138887 ;bene1;123456;bank address1;BankAddress2;Belmont ;California ;;IT;Intesa San Paolo;EUR;;74057720;26009593;IT;;Remittance Line3;Remittance Line4;Beneficiary Postal Code is Mandatory
enable;case6_IT;SPN19134662;PAT21138887 ;bene1;123456;bank address1;BankAddress2;Belmont ;California ;90001;;Intesa San Paolo;EUR;;74057720;26009593;IT;;Remittance Line3;Remittance Line4;Beneficiary Country ISO2 is Mandatory
enable;case7_IT;SPN19134662;PAT21138887 ;bene1;123456;;BankAddress2;Belmont ;California ;90001;IT;;EUR;;74057720;26009593;IT;;Remittance Line3;Remittance Line4;Beneficiary AddressLine1 is Mandatory,Institution Name is Mandatory
enable;case8_IT;SPN19134662;PAT21138887 ;bene1;123456;bank address1;BankAddress2;Belmont ;California ;90001;IT;Intesa San Paolo;EUR;;;26009593;IT;;Remittance Line3;Remittance Line4;Bank Account Number is Mandatory
enable;case9_IT;SPN19134662;PAT21138887 ;bene1;123456;bank address1;BankAddress2;Belmont ;California ;90001;IT;Intesa San Paolo;EUR;;74057720;;;;Remittance Line3;Remittance Line4;Bank Country ISO2 is Mandatory
enable;case10_IT;SPN19134662;PAT21138887 ;bene1;123456;bank address1;BankAddress2;Belmont ;California ;90001;IT;Intesa San Paolo;EUR;;74057720;110100137;IT;;;;{ErrorMessage:IBAN Number is invalid. Value must start with\IT\ followed by exactly 25 characters.,FieldName:AccountNumber,FieldLabel:AccountNumber}
enable;case11_IT;SPN19134662;PAT21138887 ;bene1;123456;;BankAddress2;Belmont ;California ;90001;IT;Intesa San Paolo;;;74057720;26009593;IT;;Remittance Line3;Remittance Line4;Beneficiary AddressLine1 is Mandatory,Bank Currency is Mandatory
enable;case12_IT;SPN19134662;PAT21138887 ;bene1;123456;bank address1;BankAddress2;Belmont ;California ;90001;IT;Intesa San Paolo;1ad<;;74057720;26009593;IT;;Remittance Line3;Remittance Line4;Maximum length of Currency  is 3
enable;case13_IT;SPN19134662;PAT21138887 ;bene1;123456;bank address1;BankAddress2;Belmont ;California ;90001;IT;Intesa San Paolo;EUR;;74057720;26009593;12;;Remittance Line3;Remittance Line4;Invalid bank information
enable;case14_IT;SPN19134662;PAT21138887 ;bene1;123456;bank address1;BankAddress2;Belmont ;dsasd13<;90001;12;Intesa San Paolo;EUR;IT77V0306949110100000066535 ;74057720;IT77V0306949110100000066535 ;IT;;Remittance Line3;Remittance Line4;Maximum length of SWIFTBIC  is 12
enable;case15_IT;SPN19134662;PAT21138887 ;;;;;;;;;;;;;;;;;;Beneficiary Name is Mandatory,Beneficiary Phone Number is Mandatory,Beneficiary AddressLine1 is Mandatory,Beneficiary City is Mandatory,Beneficiary Country ISO2 is Mandatory,Beneficiary Postal Code is Mandatory,Beneficiary Region is Mandatory,Institution Name is Mandatory,Bank Account Number is Mandatory,Bank Country ISO2 is Mandatory,Bank Currency is Mandatory
enable;case16_IT;SPN19134662;PAT21138887 ;123456789fbnafadfadfbbafabafabfafjandfadfnadfndfbsdnvscnvbsnvbsndvbsdvbsdbvsnbvkvbsdvbsdvjsdbvsdvbsdv;1234567897856660000000000000000;123456789fbnafadfadfbbafabafabfafjandfadfnadfndfbsdnvscnvbsnvbsndvbsdvbsdbvsnbvkvbsdvbsdvjsdbvsdvbsdv;123456789fbnafadfadfbbafabafabfafjandfadfnadfndfbsdnvscnvbsnvbsndvbsdvbsdbvsnbvkvbsdvbsdvjsdbvsdvbsdv;123456789fbnafadfadfbbafabafabfafjandfadfnadfndfbsdnvscnvbsnvbsndvbsdvbsdbvsnbvkvbsdvbsdvjsdbvsdvbsdv;123456789fbnafadfadfbbafabafabfafjandfadfnadfndfbsdnvscnvbsnvbsndvbsdvbsdbvsnbvkvbsdvbsdvjsdbvsdvbsdv;90001;123456789fbnafadfadfbbafabafabfafjandfadfnadfndfbsdnvscnvbsnvbsndvbsdvbsdbvsnbvkvbsdvbsdvjsdbvsdvbsdv;123456789fbnafadfadfbbafabafabfafjandfadfnadfndfbsdnvscnvbsnvbsndvbsdvbsdbvsnbvkvbsdvbsdvjsdbvsdvbsdv;123456789fbnafadfadfbbafabafabfafjandfadfnadfndfbsdnvscnvbsnvbsndvbsdvbsdbvsnbvkvbsdvbsdvjsdbvsdvbsdv;123456789fbnafadfadfbbafabafabfafjandfadfnadfndfbsdnvscnvbsnvbsndvbsdvbsdbvsnbvkvbsdvbsdvjsdbvsdvbsdv;123456789fbnafadfadfbbafabafabfafjandfadfnadfndfbsdnvscnvbsnvbsndvbsdvbsdbvsnbvkvbsdvbsdvjsdbvsdvbsdv;123456789fbnafadfadfbbafabafabfafjandfadfnadfndfbsdnvscnvbsnvbsndvbsdvbsdbvsnbvkvbsdvbsdvjsdbvsdvbsdv;123456789fbnafadfadfbbafabafabfafjandfadfnadfndfbsdnvscnvbsnvbsndvbsdvbsdbvsnbvkvbsdvbsdvjsdbvsdvbsdv;123456789fbnafadfadfbbafabafabfafjandfadfnadfndfbsdnvscnvbsnvbsndvbsdvbsdbvsnbvkvbsdvbsdvjsdbvsdvbsdv;123456789fbnafadfadfbbafabafabfafjandfadfnadfndfbsdnvscnvbsnvbsndvbsdvbsdbvsnbvkvbsdvbsdvjsdbvsdvbsdv;123456789fbnafadfadfbbafabafabfafjandfadfnadfndfbsdnvscnvbsnvbsndvbsdvbsdbvsnbvkvbsdvbsdvjsdbvsdvbsdv;Maximum length of Beneficiary ContactName is 100,Maximum length of Beneficiary PhoneNumber is 15,Maximum length of Beneficiary AddressLine1 is 35,Maximum length of Beneficiary AddressLine2 is 35,Maximum length of Beneficiary City is 20,Maximum length of Beneficiary CountryISO2 is 2,Maximum length of Beneficiary Region is 30,Maximum length of InstitutionName  is 50,Maximum length of SWIFTBIC  is 12,Maximum length of AccountNumber  is 50,Maximum length of CountryISO2 is 2,Maximum length of Currency  is 3
enable;case17_IT;SPN19134662;PAT21138887 ;bene1;123456;bank address1;BankAddress2;Belmont ;California ;90001;IT;Intesa San Paolo;EUR;;74057720;;;;Remittance Line3;Remittance Line4;Bank Country ISO2 is Mandatory
enable;case1_KR;SPN19134662;PAT21138887 ;;123456;;BankAddress2;Belmont ;London;90001;KR ;Intesa San Paolo;KRW;;74057720;26009593;KR;;RemKRtance Line3;RemKRtance Line4;Beneficiary Name is Mandatory,Beneficiary AddressLine1 is Mandatory
enable;case2_KR;SPN19134662;PAT21138887 ;bene1;123456;bank address1;;Belmont ;California ;90001;KR;Intesa San Paolo;KRW;;74057720;26009593;KR;;RemKRtance Line3;RemKRtance Line4;{ErrorMessage:Beneficiary address line 2 is required.,FieldName:AddressLine2,FieldLabel:AddressLine2},{ErrorMessage:Contact name is invalid. Value should be 3 to 30 characters long.,FieldName:ContactName,FieldLabel:Contact Name}
enable;case3_KR;SPN19134662;PAT21138887 ;bene1;123456;bank address1;BankAddress2;;California ;90001;KR;Intesa San Paolo;KRW;;74057720;26009593;KR;;RemKRtance Line3;RemKRtance Line4;Beneficiary City is Mandatory
enable;case4_KR;SPN19134662;PAT21138887 ;bene1;123456;bank address1;BankAddress2;Belmont ;;90001;KR;Intesa San Paolo;KRW;;74057720;26009593;KR;;RemKRtance Line3;RemKRtance Line4;Beneficiary Region is Mandatory
enable;case5_KR;SPN19134662;PAT21138887 ;bene1;123456;bank address1;BankAddress2;Belmont ;California ;;KR;Intesa San Paolo;KRW;;74057720;26009593;KR;;RemKRtance Line3;RemKRtance Line4;Beneficiary Postal Code is Mandatory
enable;case6_KR;SPN19134662;PAT21138887 ;bene1;123456;bank address1;BankAddress2;Belmont ;California ;90001;;Intesa San Paolo;KRW;;74057720;26009593;KR;;RemKRtance Line3;RemKRtance Line4;Beneficiary Country ISO2 is Mandatory
enable;case7_KR;SPN19134662;PAT21138887 ;bene1;123456;;BankAddress2;Belmont ;California ;90001;KR;;KRW;;74057720;26009593;KR;;RemKRtance Line3;RemKRtance Line4;Beneficiary AddressLine1 is Mandatory,Institution Name is Mandatory
enable;case8_KR;SPN19134662;PAT21138887 ;bene1;123456;bank address1;BankAddress2;Belmont ;California ;90001;KR;Intesa San Paolo;KRW;;;26009593;KR;;RemKRtance Line3;RemKRtance Line4;Bank Account Number is Mandatory
enable;case9_KR;SPN19134662;PAT21138887 ;bene1;123456;bank address1;BankAddress2;Belmont ;California ;90001;KR;Intesa San Paolo;KRW;;74057720;;;;RemKRtance Line3;RemKRtance Line4;Bank Country ISO2 is Mandatory
enable;case10_KR;SPN19134662;PAT21138887 ;bene1;123456;bank address1;BankAddress2;Belmont ;California ;90001;KR;Intesa San Paolo;KRW;;74057720;110100137;KR;;;;{ErrorMessage:Contact name is invalid. Value should be 3 to 30 characters long.,FieldName:ContactName,FieldLabel:Contact Name}
enable;case11_KR;SPN19134662;PAT21138887 ;bene1;123456;;BankAddress2;Belmont ;California ;90001;KR;Intesa San Paolo;;;74057720;26009593;KR;;RemKRtance Line3;RemKRtance Line4;Beneficiary AddressLine1 is Mandatory,Bank Currency is Mandatory
enable;case12_KR;SPN19134662;PAT21138887 ;bene1;123456;bank address1;BankAddress2;Belmont ;California ;90001;KR;Intesa San Paolo;1ad<;;74057720;26009593;KR;;RemKRtance Line3;RemKRtance Line4;Maximum length of Currency  is 3
enable;case13_KR;SPN19134662;PAT21138887 ;bene1;123456;bank address1;BankAddress2;Belmont ;California ;90001;KR;Intesa San Paolo;KRW;;74057720;26009593;12;;RemKRtance Line3;RemKRtance Line4;Invalid bank information
enable;case14_KR;SPN19134662;PAT21138887 ;bene1;123456;bank address1;BankAddress2;Belmont ;dsasd13<;90001;12;Intesa San Paolo;KRW;KR77V0306949110100000066535 ;74057720;KR77V0306949110100000066535 ;KR;;RemKRtance Line3;RemKRtance Line4;Maximum length of SWIFTBIC  is 12
enable;case15_KR;SPN19134662;PAT21138887 ;;;;;;;;;;;;;;;;;;Beneficiary Name is Mandatory,Beneficiary Phone Number is Mandatory,Beneficiary AddressLine1 is Mandatory,Beneficiary City is Mandatory,Beneficiary Country ISO2 is Mandatory,Beneficiary Postal Code is Mandatory,Beneficiary Region is Mandatory,Institution Name is Mandatory,Bank Account Number is Mandatory,Bank Country ISO2 is Mandatory,Bank Currency is Mandatory
enable;case16_KR;SPN19134662;PAT21138887 ;123456789fbnafadfadfbbafabafabfafjandfadfnadfndfbsdnvscnvbsnvbsndvbsdvbsdbvsnbvkvbsdvbsdvjsdbvsdvbsdv;1234567897856660000000000000000;123456789fbnafadfadfbbafabafabfafjandfadfnadfndfbsdnvscnvbsnvbsndvbsdvbsdbvsnbvkvbsdvbsdvjsdbvsdvbsdv;123456789fbnafadfadfbbafabafabfafjandfadfnadfndfbsdnvscnvbsnvbsndvbsdvbsdbvsnbvkvbsdvbsdvjsdbvsdvbsdv;123456789fbnafadfadfbbafabafabfafjandfadfnadfndfbsdnvscnvbsnvbsndvbsdvbsdbvsnbvkvbsdvbsdvjsdbvsdvbsdv;123456789fbnafadfadfbbafabafabfafjandfadfnadfndfbsdnvscnvbsnvbsndvbsdvbsdbvsnbvkvbsdvbsdvjsdbvsdvbsdv;90001;123456789fbnafadfadfbbafabafabfafjandfadfnadfndfbsdnvscnvbsnvbsndvbsdvbsdbvsnbvkvbsdvbsdvjsdbvsdvbsdv;123456789fbnafadfadfbbafabafabfafjandfadfnadfndfbsdnvscnvbsnvbsndvbsdvbsdbvsnbvkvbsdvbsdvjsdbvsdvbsdv;123456789fbnafadfadfbbafabafabfafjandfadfnadfndfbsdnvscnvbsnvbsndvbsdvbsdbvsnbvkvbsdvbsdvjsdbvsdvbsdv;123456789fbnafadfadfbbafabafabfafjandfadfnadfndfbsdnvscnvbsnvbsndvbsdvbsdbvsnbvkvbsdvbsdvjsdbvsdvbsdv;123456789fbnafadfadfbbafabafabfafjandfadfnadfndfbsdnvscnvbsnvbsndvbsdvbsdbvsnbvkvbsdvbsdvjsdbvsdvbsdv;123456789fbnafadfadfbbafabafabfafjandfadfnadfndfbsdnvscnvbsnvbsndvbsdvbsdbvsnbvkvbsdvbsdvjsdbvsdvbsdv;123456789fbnafadfadfbbafabafabfafjandfadfnadfndfbsdnvscnvbsnvbsndvbsdvbsdbvsnbvkvbsdvbsdvjsdbvsdvbsdv;123456789fbnafadfadfbbafabafabfafjandfadfnadfndfbsdnvscnvbsnvbsndvbsdvbsdbvsnbvkvbsdvbsdvjsdbvsdvbsdv;123456789fbnafadfadfbbafabafabfafjandfadfnadfndfbsdnvscnvbsnvbsndvbsdvbsdbvsnbvkvbsdvbsdvjsdbvsdvbsdv;123456789fbnafadfadfbbafabafabfafjandfadfnadfndfbsdnvscnvbsnvbsndvbsdvbsdbvsnbvkvbsdvbsdvjsdbvsdvbsdv;Maximum length of Beneficiary ContactName is 100,Maximum length of Beneficiary PhoneNumber is 15,Maximum length of Beneficiary AddressLine1 is 35,Maximum length of Beneficiary AddressLine2 is 35,Maximum length of Beneficiary City is 20,Maximum length of Beneficiary CountryISO2 is 2,Maximum length of Beneficiary Region is 30,Maximum length of InstitutionName  is 50,Maximum length of SWIFTBIC  is 12,Maximum length of AccountNumber  is 50,Maximum length of CountryISO2 is 2,Maximum length of Currency  is 3
enable;case17_KR;SPN19134662;PAT21138887 ;bene1;123456;bank address1;BankAddress2;Belmont ;California ;90001;KR;Intesa San Paolo;KRW;;74057720;;;;RemKRtance Line3;RemKRtance Line4;Bank Country ISO2 is Mandatory
disable;case1_NZ;SPN19134662;PAT21138887 ;;123456;;BankAddress2;Belmont ;London;90001;NZ;Anz New Zealand Investments Limited;NZD;;74057720;26009593;NZ;;RemKRtance Line3;RemKRtance Line4;Beneficiary Name is Mandatory,Beneficiary AddressLine1 is Mandatory
disable;case2_NZ;SPN19134662;PAT21138887 ;bene1;123456;bank address1;;Belmont ;California ;90001;NZ;Anz New Zealand Investments Limited;NZD;;74057720;26009593;NZ;;RemKRtance Line3;RemKRtance Line4;{ErrorMessage:Beneficiary address line 2 is required.,FieldName:AddressLine2,FieldLabel:AddressLine2},{ErrorMessage:Beneficiary Account Number is invalid. Value should be exactly 10 digits long.,FieldName:AccountNumber,FieldLabel:AccountNumber},{ErrorMessage:Bank Routing Code is invalid. Value should be exactly 6 digits long.,FieldName:RoutingNumber,FieldLabel:RoutingNumber}
disable;case3_NZ;SPN19134662;PAT21138887 ;bene1;123456;bank address1;BankAddress2;;California ;90001;NZ;Anz New Zealand Investments Limited;NZD;;74057720;26009593;NZ;;RemKRtance Line3;RemKRtance Line4;Beneficiary City is Mandatory
disable;case4_NZ;SPN19134662;PAT21138887 ;bene1;123456;bank address1;BankAddress2;Belmont ;;90001;NZ;Anz New Zealand Investments Limited;NZD;;74057720;26009593;NZ;;RemKRtance Line3;RemKRtance Line4;Beneficiary Region is Mandatory
disable;case5_NZ;SPN19134662;PAT21138887 ;bene1;123456;bank address1;BankAddress2;Belmont ;California ;;NZ;Anz New Zealand Investments Limited;NZD;;74057720;26009593;NZ;;RemKRtance Line3;RemKRtance Line4;Beneficiary Postal Code is Mandatory
disable;case6_NZ;SPN19134662;PAT21138887 ;bene1;123456;bank address1;BankAddress2;Belmont ;California ;90001;;Anz New Zealand Investments Limited;NZD;;74057720;26009593;NZ;;RemKRtance Line3;RemKRtance Line4;Beneficiary Country ISO2 is Mandatory
disable;case7_NZ;SPN19134662;PAT21138887 ;bene1;123456;;BankAddress2;Belmont ;California ;90001;NZ;;NZD;;74057720;26009593;NZ;;RemKRtance Line3;RemKRtance Line4;Beneficiary AddressLine1 is Mandatory,Institution Name is Mandatory
disable;case8_NZ;SPN19134662;PAT21138887 ;bene1;123456;bank address1;BankAddress2;Belmont ;California ;90001;NZ;Anz New Zealand Investments Limited;NZD;;;26009593;NZ;;RemKRtance Line3;RemKRtance Line4;Bank Account Number is Mandatory
disable;case9_NZ;SPN19134662;PAT21138887 ;bene1;123456;bank address1;BankAddress2;Belmont ;California ;90001;NZ;Anz New Zealand Investments Limited;NZD;;74057720;;;;RemKRtance Line3;RemKRtance Line4;Bank Country ISO2 is Mandatory
enable;case10_NZ;SPN19134662;PAT21138887 ;bene1;123456;bank address1;BankAddress2;Belmont ;California ;90001;NZ;;NZD;;1234567890;123456;NZ;;;;Institution Name is Mandatory
disable;case11_NZ;SPN19134662;PAT21138887 ;bene1;123456;;BankAddress2;Belmont ;California ;90001;NZ;Anz New Zealand Investments Limited;;;74057720;26009593;NZ;;RemKRtance Line3;RemKRtance Line4;Beneficiary AddressLine1 is Mandatory,Bank Currency is Mandatory
disable;case12_NZ;SPN19134662;PAT21138887 ;bene1;123456;bank address1;BankAddress2;Belmont ;California ;90001;NZ;Anz New Zealand Investments Limited;1ad<;;74057720;26009593;NZ;;RemKRtance Line3;RemKRtance Line4;Maximum length of Currency  is 3
disable;case13_NZ;SPN19134662;PAT21138887 ;bene1;123456;bank address1;BankAddress2;Belmont ;California ;90001;NZ;Anz New Zealand Investments Limited;NZD;;74057720;26009593;12;;RemKRtance Line3;RemKRtance Line4;Invalid bank information
disable;case14_NZ;SPN19134662;PAT21138887 ;bene1;123456;bank address1;BankAddress2;Belmont ;dsasd13<;90001;12;Anz New Zealand Investments Limited;NZD;10853005085100;74057720;10853005085100;NZ;;RemKRtance Line3;RemKRtance Line4;Maximum length of SWIFTBIC  is 12
disable;case15_NZ;SPN19134662;PAT21138887 ;;;;;;;;;;;;;;;;;;Beneficiary Name is Mandatory,Beneficiary Phone Number is Mandatory,Beneficiary AddressLine1 is Mandatory,Beneficiary City is Mandatory,Beneficiary Country ISO2 is Mandatory,Beneficiary Postal Code is Mandatory,Beneficiary Region is Mandatory,Institution Name is Mandatory,Bank Account Number is Mandatory,Bank Country ISO2 is Mandatory,Bank Currency is Mandatory
disable;case16_NZ;SPN19134662;PAT21138887 ;123456789fbnafadfadfbbafabafabfafjandfadfnadfndfbsdnvscnvbsnvbsndvbsdvbsdbvsnbvkvbsdvbsdvjsdbvsdvbsdv;1234567897856660000000000000000;123456789fbnafadfadfbbafabafabfafjandfadfnadfndfbsdnvscnvbsnvbsndvbsdvbsdbvsnbvkvbsdvbsdvjsdbvsdvbsdv;123456789fbnafadfadfbbafabafabfafjandfadfnadfndfbsdnvscnvbsnvbsndvbsdvbsdbvsnbvkvbsdvbsdvjsdbvsdvbsdv;123456789fbnafadfadfbbafabafabfafjandfadfnadfndfbsdnvscnvbsnvbsndvbsdvbsdbvsnbvkvbsdvbsdvjsdbvsdvbsdv;123456789fbnafadfadfbbafabafabfafjandfadfnadfndfbsdnvscnvbsnvbsndvbsdvbsdbvsnbvkvbsdvbsdvjsdbvsdvbsdv;90001;123456789fbnafadfadfbbafabafabfafjandfadfnadfndfbsdnvscnvbsnvbsndvbsdvbsdbvsnbvkvbsdvbsdvjsdbvsdvbsdv;123456789fbnafadfadfbbafabafabfafjandfadfnadfndfbsdnvscnvbsnvbsndvbsdvbsdbvsnbvkvbsdvbsdvjsdbvsdvbsdv;123456789fbnafadfadfbbafabafabfafjandfadfnadfndfbsdnvscnvbsnvbsndvbsdvbsdbvsnbvkvbsdvbsdvjsdbvsdvbsdv;123456789fbnafadfadfbbafabafabfafjandfadfnadfndfbsdnvscnvbsnvbsndvbsdvbsdbvsnbvkvbsdvbsdvjsdbvsdvbsdv;123456789fbnafadfadfbbafabafabfafjandfadfnadfndfbsdnvscnvbsnvbsndvbsdvbsdbvsnbvkvbsdvbsdvjsdbvsdvbsdv;123456789fbnafadfadfbbafabafabfafjandfadfnadfndfbsdnvscnvbsnvbsndvbsdvbsdbvsnbvkvbsdvbsdvjsdbvsdvbsdv;123456789fbnafadfadfbbafabafabfafjandfadfnadfndfbsdnvscnvbsnvbsndvbsdvbsdbvsnbvkvbsdvbsdvjsdbvsdvbsdv;123456789fbnafadfadfbbafabafabfafjandfadfnadfndfbsdnvscnvbsnvbsndvbsdvbsdbvsnbvkvbsdvbsdvjsdbvsdvbsdv;123456789fbnafadfadfbbafabafabfafjandfadfnadfndfbsdnvscnvbsnvbsndvbsdvbsdbvsnbvkvbsdvbsdvjsdbvsdvbsdv;123456789fbnafadfadfbbafabafabfafjandfadfnadfndfbsdnvscnvbsnvbsndvbsdvbsdbvsnbvkvbsdvbsdvjsdbvsdvbsdv;Maximum length of Beneficiary ContactName is 100,Maximum length of Beneficiary PhoneNumber is 15,Maximum length of Beneficiary AddressLine1 is 35,Maximum length of Beneficiary AddressLine2 is 35,Maximum length of Beneficiary City is 20,Maximum length of Beneficiary CountryISO2 is 2,Maximum length of Beneficiary Region is 30,Maximum length of InstitutionName  is 50,Maximum length of SWIFTBIC  is 12,Maximum length of AccountNumber  is 50,Maximum length of CountryISO2 is 2,Maximum length of Currency  is 3
disable;case17_NZ;SPN19134662;PAT21138887 ;bene1;123456;bank address1;BankAddress2;Belmont ;California ;90001;NZ;Anz New Zealand Investments Limited;NZD;;74057720;;;;RemKRtance Line3;RemKRtance Line4;Bank Country ISO2 is Mandatory
enable;case1_CA;SPN19134662;PAT21138887 ;;123456;;BankAddress2;Belmont ;London;90001;CA;Canadian Imperial Bank of Commerce;CAD;;74057720;26009593;CA;;RemKRtance Line3;RemKRtance Line4;Beneficiary Name is Mandatory,Beneficiary AddressLine1 is Mandatory
enable;case2_CA;SPN19134662;PAT21138887 ;bene1;123456;bank address1;;Belmont ;California ;90001;CA;Canadian Imperial Bank of Commerce;CAD;;74057720;26009593;CA;;RemKRtance Line3;RemKRtance Line4;{ErrorMessage:Beneficiary address line 2 is required.,FieldName:AddressLine2,FieldLabel:AddressLine2}
enable;case3_CA;SPN19134662;PAT21138887 ;bene1;123456;bank address1;BankAddress2;;California ;90001;CA;Canadian Imperial Bank of Commerce;CAD;;74057720;26009593;CA;;RemKRtance Line3;RemKRtance Line4;Beneficiary City is Mandatory
enable;case4_CA;SPN19134662;PAT21138887 ;bene1;123456;bank address1;BankAddress2;Belmont ;;90001;CA;Canadian Imperial Bank of Commerce;CAD;;74057720;26009593;CA;;RemKRtance Line3;RemKRtance Line4;Beneficiary Region is Mandatory
enable;case5_CA;SPN19134662;PAT21138887 ;bene1;123456;bank address1;BankAddress2;Belmont ;California ;;CA;Canadian Imperial Bank of Commerce;CAD;;74057720;26009593;CA;;RemKRtance Line3;RemKRtance Line4;Beneficiary Postal Code is Mandatory
enable;case6_CA;SPN19134662;PAT21138887 ;bene1;123456;bank address1;BankAddress2;Belmont ;California ;90001;;Canadian Imperial Bank of Commerce;CAD;;74057720;26009593;CA;;RemKRtance Line3;RemKRtance Line4;Beneficiary Country ISO2 is Mandatory
enable;case7_CA;SPN19134662;PAT21138887 ;bene1;123456;;BankAddress2;Belmont ;California ;90001;CA;;CAD;;74057720;26009593;CA;;RemKRtance Line3;RemKRtance Line4;Beneficiary AddressLine1 is Mandatory,Institution Name is Mandatory
enable;case8_CA;SPN19134662;PAT21138887 ;bene1;123456;bank address1;BankAddress2;Belmont ;California ;90001;CA;Canadian Imperial Bank of Commerce;CAD;;;26009593;CA;;RemKRtance Line3;RemKRtance Line4;Bank Account Number is Mandatory
enable;case9_CA;SPN19134662;PAT21138887 ;bene1;123456;bank address1;BankAddress2;Belmont ;California ;90001;CA;Canadian Imperial Bank of Commerce;CAD;;74057720;;;;RemKRtance Line3;RemKRtance Line4;Bank Country ISO2 is Mandatory
enable;case10_CA;SPN19134662;PAT21138887 ;bene1;123456;bank address1;BankAddress2;Belmont ;California ;90001;CA;;CAD;;1234567890;123456;CA;;;;Institution Name is Mandatory
enable;case11_CA;SPN19134662;PAT21138887 ;bene1;123456;;BankAddress2;Belmont ;California ;90001;CA;Canadian Imperial Bank of Commerce;;;74057720;26009593;CA;;RemKRtance Line3;RemKRtance Line4;Beneficiary AddressLine1 is Mandatory,Bank Currency is Mandatory
enable;case12_CA;SPN19134662;PAT21138887 ;bene1;123456;bank address1;BankAddress2;Belmont ;California ;90001;CA;Canadian Imperial Bank of Commerce;1ad<;;74057720;26009593;CA;;RemKRtance Line3;RemKRtance Line4;Maximum length of Currency  is 3
enable;case13_CA;SPN19134662;PAT21138887 ;bene1;123456;bank address1;BankAddress2;Belmont ;California ;90001;CA;Canadian Imperial Bank of Commerce;CAD;;74057720;26009593;12;;RemKRtance Line3;RemKRtance Line4;Invalid bank information
enable;case14_CA;SPN19134662;PAT21138887 ;bene1;123456;bank address1;BankAddress2;Belmont ;dsasd13<;90001;12;Canadian Imperial Bank of Commerce;CAD;10853005085100;74057720;10853005085100;CA;;RemKRtance Line3;RemKRtance Line4;Maximum length of SWIFTBIC  is 12
enable;case15_CA;SPN19134662;PAT21138887 ;;;;;;;;;;;;;;;;;;Beneficiary Name is Mandatory,Beneficiary Phone Number is Mandatory,Beneficiary AddressLine1 is Mandatory,Beneficiary City is Mandatory,Beneficiary Country ISO2 is Mandatory,Beneficiary Postal Code is Mandatory,Beneficiary Region is Mandatory,Institution Name is Mandatory,Bank Account Number is Mandatory,Bank Country ISO2 is Mandatory,Bank Currency is Mandatory
enable;case16_CA;SPN19134662;PAT21138887 ;123456789fbnafadfadfbbafabafabfafjandfadfnadfndfbsdnvscnvbsnvbsndvbsdvbsdbvsnbvkvbsdvbsdvjsdbvsdvbsdv;1234567897856660000000000000000;123456789fbnafadfadfbbafabafabfafjandfadfnadfndfbsdnvscnvbsnvbsndvbsdvbsdbvsnbvkvbsdvbsdvjsdbvsdvbsdv;123456789fbnafadfadfbbafabafabfafjandfadfnadfndfbsdnvscnvbsnvbsndvbsdvbsdbvsnbvkvbsdvbsdvjsdbvsdvbsdv;123456789fbnafadfadfbbafabafabfafjandfadfnadfndfbsdnvscnvbsnvbsndvbsdvbsdbvsnbvkvbsdvbsdvjsdbvsdvbsdv;123456789fbnafadfadfbbafabafabfafjandfadfnadfndfbsdnvscnvbsnvbsndvbsdvbsdbvsnbvkvbsdvbsdvjsdbvsdvbsdv;90001;123456789fbnafadfadfbbafabafabfafjandfadfnadfndfbsdnvscnvbsnvbsndvbsdvbsdbvsnbvkvbsdvbsdvjsdbvsdvbsdv;123456789fbnafadfadfbbafabafabfafjandfadfnadfndfbsdnvscnvbsnvbsndvbsdvbsdbvsnbvkvbsdvbsdvjsdbvsdvbsdv;123456789fbnafadfadfbbafabafabfafjandfadfnadfndfbsdnvscnvbsnvbsndvbsdvbsdbvsnbvkvbsdvbsdvjsdbvsdvbsdv;123456789fbnafadfadfbbafabafabfafjandfadfnadfndfbsdnvscnvbsnvbsndvbsdvbsdbvsnbvkvbsdvbsdvjsdbvsdvbsdv;123456789fbnafadfadfbbafabafabfafjandfadfnadfndfbsdnvscnvbsnvbsndvbsdvbsdbvsnbvkvbsdvbsdvjsdbvsdvbsdv;123456789fbnafadfadfbbafabafabfafjandfadfnadfndfbsdnvscnvbsnvbsndvbsdvbsdbvsnbvkvbsdvbsdvjsdbvsdvbsdv;123456789fbnafadfadfbbafabafabfafjandfadfnadfndfbsdnvscnvbsnvbsndvbsdvbsdbvsnbvkvbsdvbsdvjsdbvsdvbsdv;123456789fbnafadfadfbbafabafabfafjandfadfnadfndfbsdnvscnvbsnvbsndvbsdvbsdbvsnbvkvbsdvbsdvjsdbvsdvbsdv;123456789fbnafadfadfbbafabafabfafjandfadfnadfndfbsdnvscnvbsnvbsndvbsdvbsdbvsnbvkvbsdvbsdvjsdbvsdvbsdv;123456789fbnafadfadfbbafabafabfafjandfadfnadfndfbsdnvscnvbsnvbsndvbsdvbsdbvsnbvkvbsdvbsdvjsdbvsdvbsdv;Maximum length of Beneficiary ContactName is 100,Maximum length of Beneficiary PhoneNumber is 15,Maximum length of Beneficiary AddressLine1 is 35,Maximum length of Beneficiary AddressLine2 is 35,Maximum length of Beneficiary City is 20,Maximum length of Beneficiary CountryISO2 is 2,Maximum length of Beneficiary Region is 30,Maximum length of InstitutionName  is 50,Maximum length of SWIFTBIC  is 12,Maximum length of AccountNumber  is 50,Maximum length of CountryISO2 is 2,Maximum length of Currency  is 3
enable;case17_CA;SPN19134662;PAT21138887 ;bene1;123456;bank address1;BankAddress2;Belmont ;California ;90001;CA;Canadian Imperial Bank of Commerce;CAD;;74057720;;;;RemKRtance Line3;RemKRtance Line4;Bank Country ISO2 is Mandatory
enable;case1_AE;SPN19134662;PAT21138887 ;;123456;;BankAddress2;Belmont ;London;90001;AE;EMIRATES NBD PJSC;AED;;74057720;26009593;AE;;RemKRtance Line3;RemKRtance Line4;Beneficiary Name is Mandatory,Beneficiary AddressLine1 is Mandatory
enable;case2_AE;SPN19134662;PAT21138887 ;bene1;123456;bank address1;;Belmont ;AElifornia ;90001;AE;EMIRATES NBD PJSC;AED;;74057720;26009593;AE;;RemKRtance Line3;RemKRtance Line4;{ErrorMessage:Beneficiary address line 2 is required.,FieldName:AddressLine2,FieldLabel:AddressLine2},{ErrorMessage:IBAN Number is invalid. Value must start with\AE\ followed by exactly 21 characters.,FieldName:AccountNumber,FieldLabel:AccountNumber}
enable;case3_AE;SPN19134662;PAT21138887 ;bene1;123456;bank address1;BankAddress2;;AElifornia ;90001;AE;EMIRATES NBD PJSC;AED;;74057720;26009593;AE;;RemKRtance Line3;RemKRtance Line4;Beneficiary City is Mandatory
enable;case4_AE;SPN19134662;PAT21138887 ;bene1;123456;bank address1;BankAddress2;Belmont ;;90001;AE;EMIRATES NBD PJSC;AED;;74057720;26009593;AE;;RemKRtance Line3;RemKRtance Line4;Beneficiary Region is Mandatory
enable;case5_AE;SPN19134662;PAT21138887 ;bene1;123456;bank address1;BankAddress2;Belmont ;AElifornia ;;AE;EMIRATES NBD PJSC;AED;;74057720;26009593;AE;;RemKRtance Line3;RemKRtance Line4;Beneficiary Postal Code is Mandatory
enable;case6_AE;SPN19134662;PAT21138887 ;bene1;123456;bank address1;BankAddress2;Belmont ;AElifornia ;90001;;EMIRATES NBD PJSC;AED;;74057720;26009593;AE;;RemKRtance Line3;RemKRtance Line4;Beneficiary Country ISO2 is Mandatory
enable;case7_AE;SPN19134662;PAT21138887 ;bene1;123456;;BankAddress2;Belmont ;AElifornia ;90001;AE;;AED;;74057720;26009593;AE;;RemKRtance Line3;RemKRtance Line4;Beneficiary AddressLine1 is Mandatory,Institution Name is Mandatory
enable;case8_AE;SPN19134662;PAT21138887 ;bene1;123456;bank address1;BankAddress2;Belmont ;AElifornia ;90001;AE;EMIRATES NBD PJSC;AED;;;26009593;AE;;RemKRtance Line3;RemKRtance Line4;Bank Account Number is Mandatory
enable;case9_AE;SPN19134662;PAT21138887 ;bene1;123456;bank address1;BankAddress2;Belmont ;AElifornia ;90001;AE;EMIRATES NBD PJSC;AED;;74057720;;;;RemKRtance Line3;RemKRtance Line4;Bank Country ISO2 is Mandatory
enable;case10_AE;SPN19134662;PAT21138887 ;bene1;123456;bank address1;BankAddress2;Belmont ;AElifornia ;90001;AE;;AED;;1234567890;123456;AE;;;;Institution Name is Mandatory
enable;case11_AE;SPN19134662;PAT21138887 ;bene1;123456;;BankAddress2;Belmont ;AElifornia ;90001;AE;EMIRATES NBD PJSC;;;74057720;26009593;AE;;RemKRtance Line3;RemKRtance Line4;Beneficiary AddressLine1 is Mandatory,Bank Currency is Mandatory
enable;case12_AE;SPN19134662;PAT21138887 ;bene1;123456;bank address1;BankAddress2;Belmont ;AElifornia ;90001;AE;EMIRATES NBD PJSC;1ad<;;74057720;26009593;AE;;RemKRtance Line3;RemKRtance Line4;Maximum length of Currency  is 3
enable;case13_AE;SPN19134662;PAT21138887 ;bene1;123456;bank address1;BankAddress2;Belmont ;AElifornia ;90001;AE;EMIRATES NBD PJSC;AED;;74057720;26009593;12;;RemKRtance Line3;RemKRtance Line4;Invalid bank information
enable;case14_AE;SPN19134662;PAT21138887 ;bene1;123456;bank address1;BankAddress2;Belmont ;dsasd13<;90001;12;EMIRATES NBD PJSC;AED;10853005085100;74057720;10853005085100;AE;;RemKRtance Line3;RemKRtance Line4;Maximum length of SWIFTBIC  is 12
enable;case15_AE;SPN19134662;PAT21138887 ;;;;;;;;;;;;;;;;;;Beneficiary Name is Mandatory,Beneficiary Phone Number is Mandatory,Beneficiary AddressLine1 is Mandatory,Beneficiary City is Mandatory,Beneficiary Country ISO2 is Mandatory,Beneficiary Postal Code is Mandatory,Beneficiary Region is Mandatory,Institution Name is Mandatory,Bank Account Number is Mandatory,Bank Country ISO2 is Mandatory,Bank Currency is Mandatory
enable;case16_AE;SPN19134662;PAT21138887 ;123456789fbnafadfadfbbafabafabfafjandfadfnadfndfbsdnvscnvbsnvbsndvbsdvbsdbvsnbvkvbsdvbsdvjsdbvsdvbsdv;1234567897856660000000000000000;123456789fbnafadfadfbbafabafabfafjandfadfnadfndfbsdnvscnvbsnvbsndvbsdvbsdbvsnbvkvbsdvbsdvjsdbvsdvbsdv;123456789fbnafadfadfbbafabafabfafjandfadfnadfndfbsdnvscnvbsnvbsndvbsdvbsdbvsnbvkvbsdvbsdvjsdbvsdvbsdv;123456789fbnafadfadfbbafabafabfafjandfadfnadfndfbsdnvscnvbsnvbsndvbsdvbsdbvsnbvkvbsdvbsdvjsdbvsdvbsdv;123456789fbnafadfadfbbafabafabfafjandfadfnadfndfbsdnvscnvbsnvbsndvbsdvbsdbvsnbvkvbsdvbsdvjsdbvsdvbsdv;90001;123456789fbnafadfadfbbafabafabfafjandfadfnadfndfbsdnvscnvbsnvbsndvbsdvbsdbvsnbvkvbsdvbsdvjsdbvsdvbsdv;123456789fbnafadfadfbbafabafabfafjandfadfnadfndfbsdnvscnvbsnvbsndvbsdvbsdbvsnbvkvbsdvbsdvjsdbvsdvbsdv;123456789fbnafadfadfbbafabafabfafjandfadfnadfndfbsdnvscnvbsnvbsndvbsdvbsdbvsnbvkvbsdvbsdvjsdbvsdvbsdv;123456789fbnafadfadfbbafabafabfafjandfadfnadfndfbsdnvscnvbsnvbsndvbsdvbsdbvsnbvkvbsdvbsdvjsdbvsdvbsdv;123456789fbnafadfadfbbafabafabfafjandfadfnadfndfbsdnvscnvbsnvbsndvbsdvbsdbvsnbvkvbsdvbsdvjsdbvsdvbsdv;123456789fbnafadfadfbbafabafabfafjandfadfnadfndfbsdnvscnvbsnvbsndvbsdvbsdbvsnbvkvbsdvbsdvjsdbvsdvbsdv;123456789fbnafadfadfbbafabafabfafjandfadfnadfndfbsdnvscnvbsnvbsndvbsdvbsdbvsnbvkvbsdvbsdvjsdbvsdvbsdv;123456789fbnafadfadfbbafabafabfafjandfadfnadfndfbsdnvscnvbsnvbsndvbsdvbsdbvsnbvkvbsdvbsdvjsdbvsdvbsdv;123456789fbnafadfadfbbafabafabfafjandfadfnadfndfbsdnvscnvbsnvbsndvbsdvbsdbvsnbvkvbsdvbsdvjsdbvsdvbsdv;123456789fbnafadfadfbbafabafabfafjandfadfnadfndfbsdnvscnvbsnvbsndvbsdvbsdbvsnbvkvbsdvbsdvjsdbvsdvbsdv;Maximum length of Beneficiary ContactName is 100,Maximum length of Beneficiary PhoneNumber is 15,Maximum length of Beneficiary AddressLine1 is 35,Maximum length of Beneficiary AddressLine2 is 35,Maximum length of Beneficiary City is 20,Maximum length of Beneficiary CountryISO2 is 2,Maximum length of Beneficiary Region is 30,Maximum length of InstitutionName  is 50,Maximum length of SWIFTBIC  is 12,Maximum length of AccountNumber  is 50,Maximum length of CountryISO2 is 2,Maximum length of Currency  is 3
enable;case17_AE;SPN19134662;PAT21138887 ;bene1;123456;bank address1;BankAddress2;Belmont ;AElifornia ;90001;AE;EMIRATES NBD PJSC;AED;;74057720;;;;RemKRtance Line3;RemKRtance Line4;Bank Country ISO2 is Mandatory
enable;case1_HK;SPN19134662;PAT21138887 ;;123456;;BankAddress2;Belmont ;BeneficiaryRegion;90001;HK;Standard Chartered Bank (Hong Kong) Limited;HKD;;74057720;26009593;HK;;RemKRtance Line3;RemKRtance Line4;Beneficiary Name is Mandatory,Beneficiary AddressLine1 is Mandatory
enable;case2_HK;SPN19134662;PAT21138887 ;bene1;123456;bank address1;;Belmont ;BeneficiaryRegion;90001;HK;Standard Chartered Bank (Hong Kong) Limited;HKD;;74057720;26009593;HK;;RemKRtance Line3;RemKRtance Line4;{ErrorMessage:Beneficiary address line 2 is required.,FieldName:AddressLine2,FieldLabel:AddressLine2},{ErrorMessage:HK Clearing Code is invalid. Value should be exactly 6 digits long.,FieldName:RoutingNumber,FieldLabel:RoutingNumber}
enable;case3_HK;SPN19134662;PAT21138887 ;bene1;123456;bank address1;BankAddress2;;BeneficiaryRegion;90001;HK;Standard Chartered Bank (Hong Kong) Limited;HKD;;74057720;26009593;HK;;RemKRtance Line3;RemKRtance Line4;Beneficiary City is Mandatory
enable;case4_HK;SPN19134662;PAT21138887 ;bene1;123456;bank address1;BankAddress2;Belmont ;;90001;HK;Standard Chartered Bank (Hong Kong) Limited;HKD;;74057720;26009593;HK;;RemKRtance Line3;RemKRtance Line4;Beneficiary Region is Mandatory
enable;case5_HK;SPN19134662;PAT21138887 ;bene1;123456;bank address1;BankAddress2;Belmont ;BeneficiaryRegion;;HK;Standard Chartered Bank (Hong Kong) Limited;HKD;;74057720;26009593;HK;;RemKRtance Line3;RemKRtance Line4;Beneficiary Postal Code is Mandatory
enable;case6_HK;SPN19134662;PAT21138887 ;bene1;123456;bank address1;BankAddress2;Belmont ;BeneficiaryRegion;90001;;Standard Chartered Bank (Hong Kong) Limited;HKD;;74057720;26009593;HK;;RemKRtance Line3;RemKRtance Line4;Beneficiary Country ISO2 is Mandatory
enable;case7_HK;SPN19134662;PAT21138887 ;bene1;123456;;BankAddress2;Belmont ;BeneficiaryRegion;90001;HK;;HKD;;74057720;26009593;HK;;RemKRtance Line3;RemKRtance Line4;Beneficiary AddressLine1 is Mandatory,Institution Name is Mandatory
enable;case8_HK;SPN19134662;PAT21138887 ;bene1;123456;bank address1;BankAddress2;Belmont ;BeneficiaryRegion;90001;HK;Standard Chartered Bank (Hong Kong) Limited;HKD;;;26009593;HK;;RemKRtance Line3;RemKRtance Line4;Bank Account Number is Mandatory
enable;case9_HK;SPN19134662;PAT21138887 ;bene1;123456;bank address1;BankAddress2;Belmont ;BeneficiaryRegion;90001;HK;Standard Chartered Bank (Hong Kong) Limited;HKD;;74057720;;;;RemKRtance Line3;RemKRtance Line4;Bank Country ISO2 is Mandatory
enable;case10_HK;SPN19134662;PAT21138887 ;bene1;123456;bank address1;BankAddress2;Belmont ;BeneficiaryRegion;90001;HK;;HKD;;1234567890;123456;HK;;;;Institution Name is Mandatory
enable;case11_HK;SPN19134662;PAT21138887 ;bene1;123456;;BankAddress2;Belmont ;BeneficiaryRegion;90001;HK;Standard Chartered Bank (Hong Kong) Limited;;;74057720;26009593;HK;;RemKRtance Line3;RemKRtance Line4;Beneficiary AddressLine1 is Mandatory,Bank Currency is Mandatory
enable;case12_HK;SPN19134662;PAT21138887 ;bene1;123456;bank address1;BankAddress2;Belmont ;BeneficiaryRegion;90001;HK;Standard Chartered Bank (Hong Kong) Limited;1ad<;;74057720;26009593;HK;;RemKRtance Line3;RemKRtance Line4;Maximum length of Currency  is 3
enable;case13_HK;SPN19134662;PAT21138887 ;bene1;123456;bank address1;BankAddress2;Belmont ;BeneficiaryRegion;90001;HK;Standard Chartered Bank (Hong Kong) Limited;HKD;;74057720;26009593;12;;RemKRtance Line3;RemKRtance Line4;Invalid bank information
enable;case14_HK;SPN19134662;PAT21138887 ;bene1;123456;bank address1;BankAddress2;Belmont ;dsasd13<;90001;12;Standard Chartered Bank (Hong Kong) Limited;HKD;10853005085100;74057720;10853005085100;HK;;RemKRtance Line3;RemKRtance Line4;Maximum length of SWIFTBIC  is 12
enable;case15_HK;SPN19134662;PAT21138887 ;;;;;;;;;;;;;;;;;;Beneficiary Name is Mandatory,Beneficiary Phone Number is Mandatory,Beneficiary AddressLine1 is Mandatory,Beneficiary City is Mandatory,Beneficiary Country ISO2 is Mandatory,Beneficiary Postal Code is Mandatory,Beneficiary Region is Mandatory,Institution Name is Mandatory,Bank Account Number is Mandatory,Bank Country ISO2 is Mandatory,Bank Currency is Mandatory
enable;case16_HK;SPN19134662;PAT21138887 ;123456789fbnafadfadfbbafabafabfafjandfadfnadfndfbsdnvscnvbsnvbsndvbsdvbsdbvsnbvkvbsdvbsdvjsdbvsdvbsdv;1234567897856660000000000000000;123456789fbnafadfadfbbafabafabfafjandfadfnadfndfbsdnvscnvbsnvbsndvbsdvbsdbvsnbvkvbsdvbsdvjsdbvsdvbsdv;123456789fbnafadfadfbbafabafabfafjandfadfnadfndfbsdnvscnvbsnvbsndvbsdvbsdbvsnbvkvbsdvbsdvjsdbvsdvbsdv;123456789fbnafadfadfbbafabafabfafjandfadfnadfndfbsdnvscnvbsnvbsndvbsdvbsdbvsnbvkvbsdvbsdvjsdbvsdvbsdv;123456789fbnafadfadfbbafabafabfafjandfadfnadfndfbsdnvscnvbsnvbsndvbsdvbsdbvsnbvkvbsdvbsdvjsdbvsdvbsdv;90001;123456789fbnafadfadfbbafabafabfafjandfadfnadfndfbsdnvscnvbsnvbsndvbsdvbsdbvsnbvkvbsdvbsdvjsdbvsdvbsdv;123456789fbnafadfadfbbafabafabfafjandfadfnadfndfbsdnvscnvbsnvbsndvbsdvbsdbvsnbvkvbsdvbsdvjsdbvsdvbsdv;123456789fbnafadfadfbbafabafabfafjandfadfnadfndfbsdnvscnvbsnvbsndvbsdvbsdbvsnbvkvbsdvbsdvjsdbvsdvbsdv;123456789fbnafadfadfbbafabafabfafjandfadfnadfndfbsdnvscnvbsnvbsndvbsdvbsdbvsnbvkvbsdvbsdvjsdbvsdvbsdv;123456789fbnafadfadfbbafabafabfafjandfadfnadfndfbsdnvscnvbsnvbsndvbsdvbsdbvsnbvkvbsdvbsdvjsdbvsdvbsdv;123456789fbnafadfadfbbafabafabfafjandfadfnadfndfbsdnvscnvbsnvbsndvbsdvbsdbvsnbvkvbsdvbsdvjsdbvsdvbsdv;123456789fbnafadfadfbbafabafabfafjandfadfnadfndfbsdnvscnvbsnvbsndvbsdvbsdbvsnbvkvbsdvbsdvjsdbvsdvbsdv;123456789fbnafadfadfbbafabafabfafjandfadfnadfndfbsdnvscnvbsnvbsndvbsdvbsdbvsnbvkvbsdvbsdvjsdbvsdvbsdv;123456789fbnafadfadfbbafabafabfafjandfadfnadfndfbsdnvscnvbsnvbsndvbsdvbsdbvsnbvkvbsdvbsdvjsdbvsdvbsdv;123456789fbnafadfadfbbafabafabfafjandfadfnadfndfbsdnvscnvbsnvbsndvbsdvbsdbvsnbvkvbsdvbsdvjsdbvsdvbsdv;Maximum length of Beneficiary ContactName is 100,Maximum length of Beneficiary PhoneNumber is 15,Maximum length of Beneficiary AddressLine1 is 35,Maximum length of Beneficiary AddressLine2 is 35,Maximum length of Beneficiary City is 20,Maximum length of Beneficiary CountryISO2 is 2,Maximum length of Beneficiary Region is 30,Maximum length of InstitutionName  is 50,Maximum length of SWIFTBIC  is 12,Maximum length of AccountNumber  is 50,Maximum length of CountryISO2 is 2,Maximum length of Currency  is 3
enable;case17_HK;SPN19134662;PAT21138887 ;bene1;123456;bank address1;BankAddress2;Belmont ;BeneficiaryRegion;90001;HK;Standard Chartered Bank (Hong Kong) Limited;HKD;;74057720;;;;RemKRtance Line3;RemKRtance Line4;Bank Country ISO2 is Mandatory
enable;case1_IN;SPN19134662;PAT21138887 ;;123456;;BankAddress2;Belmont ;BeneficiaryRegion;90001;IN;HDFC;INR;;74057720;26009593;IN;;RemKRtance Line3;RemKRtance Line4;Beneficiary Name is Mandatory,Beneficiary AddressLine1 is Mandatory
enable;case2_IN;SPN19134662;PAT21138887 ;bene1;123456;bank address1;;Belmont ;BeneficiaryRegion;90001;IN;HDFC;INR;;74057720;26009593;IN;;RemKRtance Line3;RemKRtance Line4;{ErrorMessage:Beneficiary address line 2 is required.,FieldName:AddressLine2,FieldLabel:AddressLine2},{ErrorMessage:IFSC Code is invalid. Value should be exactly 11 characters long.,FieldName:RoutingNumber,FieldLabel:RoutingNumber}
enable;case3_IN;SPN19134662;PAT21138887 ;bene1;123456;bank address1;BankAddress2;;BeneficiaryRegion;90001;IN;HDFC;INR;;74057720;26009593;IN;;RemKRtance Line3;RemKRtance Line4;Beneficiary City is Mandatory
enable;case4_IN;SPN19134662;PAT21138887 ;bene1;123456;bank address1;BankAddress2;Belmont ;;90001;IN;HDFC;INR;;74057720;26009593;IN;;RemKRtance Line3;RemKRtance Line4;Beneficiary Region is Mandatory
enable;case5_IN;SPN19134662;PAT21138887 ;bene1;123456;bank address1;BankAddress2;Belmont ;BeneficiaryRegion;;IN;HDFC;INR;;74057720;26009593;IN;;RemKRtance Line3;RemKRtance Line4;Beneficiary Postal Code is Mandatory
enable;case6_IN;SPN19134662;PAT21138887 ;bene1;123456;bank address1;BankAddress2;Belmont ;BeneficiaryRegion;90001;;HDFC;INR;;74057720;26009593;IN;;RemKRtance Line3;RemKRtance Line4;Beneficiary Country ISO2 is Mandatory
enable;case7_IN;SPN19134662;PAT21138887 ;bene1;123456;;BankAddress2;Belmont ;BeneficiaryRegion;90001;IN;;INR;;74057720;26009593;IN;;RemKRtance Line3;RemKRtance Line4;Beneficiary AddressLine1 is Mandatory,Institution Name is Mandatory
enable;case8_IN;SPN19134662;PAT21138887 ;bene1;123456;bank address1;BankAddress2;Belmont ;BeneficiaryRegion;90001;IN;HDFC;INR;;;26009593;IN;;RemKRtance Line3;RemKRtance Line4;Bank Account Number is Mandatory
enable;case9_IN;SPN19134662;PAT21138887 ;bene1;123456;bank address1;BankAddress2;Belmont ;BeneficiaryRegion;90001;IN;HDFC;INR;;74057720;;;;RemKRtance Line3;RemKRtance Line4;Bank Country ISO2 is Mandatory
enable;case10_IN;SPN19134662;PAT21138887 ;bene1;123456;bank address1;BankAddress2;Belmont ;BeneficiaryRegion;90001;IN;;INR;;1234567890;123456;IN;;;;Institution Name is Mandatory
enable;case11_IN;SPN19134662;PAT21138887 ;bene1;123456;;BankAddress2;Belmont ;BeneficiaryRegion;90001;IN;HDFC;;;74057720;26009593;IN;;RemKRtance Line3;RemKRtance Line4;Beneficiary AddressLine1 is Mandatory,Bank Currency is Mandatory
enable;case12_IN;SPN19134662;PAT21138887 ;bene1;123456;bank address1;BankAddress2;Belmont ;BeneficiaryRegion;90001;IN;HDFC;1ad<;;74057720;26009593;IN;;RemKRtance Line3;RemKRtance Line4;Maximum length of Currency  is 3
enable;case13_IN;SPN19134662;PAT21138887 ;bene1;123456;bank address1;BankAddress2;Belmont ;BeneficiaryRegion;90001;IN;HDFC;INR;;74057720;26009593;12;;RemKRtance Line3;RemKRtance Line4;Invalid bank information
enable;case14_IN;SPN19134662;PAT21138887 ;bene1;123456;bank address1;BankAddress2;Belmont ;dsasd13<;90001;12;HDFC;INR;10853005085100;74057720;10853005085100;IN;;RemKRtance Line3;RemKRtance Line4;Maximum length of SWIFTBIC  is 12
enable;case15_IN;SPN19134662;PAT21138887 ;;;;;;;;;;;;;;;;;;Beneficiary Name is Mandatory,Beneficiary Phone Number is Mandatory,Beneficiary AddressLine1 is Mandatory,Beneficiary City is Mandatory,Beneficiary Country ISO2 is Mandatory,Beneficiary Postal Code is Mandatory,Beneficiary Region is Mandatory,Institution Name is Mandatory,Bank Account Number is Mandatory,Bank Country ISO2 is Mandatory,Bank Currency is Mandatory
enable;case16_IN;SPN19134662;PAT21138887 ;123456789fbnafadfadfbbafabafabfafjandfadfnadfndfbsdnvscnvbsnvbsndvbsdvbsdbvsnbvkvbsdvbsdvjsdbvsdvbsdv;1234567897856660000000000000000;123456789fbnafadfadfbbafabafabfafjandfadfnadfndfbsdnvscnvbsnvbsndvbsdvbsdbvsnbvkvbsdvbsdvjsdbvsdvbsdv;123456789fbnafadfadfbbafabafabfafjandfadfnadfndfbsdnvscnvbsnvbsndvbsdvbsdbvsnbvkvbsdvbsdvjsdbvsdvbsdv;123456789fbnafadfadfbbafabafabfafjandfadfnadfndfbsdnvscnvbsnvbsndvbsdvbsdbvsnbvkvbsdvbsdvjsdbvsdvbsdv;123456789fbnafadfadfbbafabafabfafjandfadfnadfndfbsdnvscnvbsnvbsndvbsdvbsdbvsnbvkvbsdvbsdvjsdbvsdvbsdv;90001;123456789fbnafadfadfbbafabafabfafjandfadfnadfndfbsdnvscnvbsnvbsndvbsdvbsdbvsnbvkvbsdvbsdvjsdbvsdvbsdv;123456789fbnafadfadfbbafabafabfafjandfadfnadfndfbsdnvscnvbsnvbsndvbsdvbsdbvsnbvkvbsdvbsdvjsdbvsdvbsdv;123456789fbnafadfadfbbafabafabfafjandfadfnadfndfbsdnvscnvbsnvbsndvbsdvbsdbvsnbvkvbsdvbsdvjsdbvsdvbsdv;123456789fbnafadfadfbbafabafabfafjandfadfnadfndfbsdnvscnvbsnvbsndvbsdvbsdbvsnbvkvbsdvbsdvjsdbvsdvbsdv;123456789fbnafadfadfbbafabafabfafjandfadfnadfndfbsdnvscnvbsnvbsndvbsdvbsdbvsnbvkvbsdvbsdvjsdbvsdvbsdv;123456789fbnafadfadfbbafabafabfafjandfadfnadfndfbsdnvscnvbsnvbsndvbsdvbsdbvsnbvkvbsdvbsdvjsdbvsdvbsdv;123456789fbnafadfadfbbafabafabfafjandfadfnadfndfbsdnvscnvbsnvbsndvbsdvbsdbvsnbvkvbsdvbsdvjsdbvsdvbsdv;123456789fbnafadfadfbbafabafabfafjandfadfnadfndfbsdnvscnvbsnvbsndvbsdvbsdbvsnbvkvbsdvbsdvjsdbvsdvbsdv;123456789fbnafadfadfbbafabafabfafjandfadfnadfndfbsdnvscnvbsnvbsndvbsdvbsdbvsnbvkvbsdvbsdvjsdbvsdvbsdv;123456789fbnafadfadfbbafabafabfafjandfadfnadfndfbsdnvscnvbsnvbsndvbsdvbsdbvsnbvkvbsdvbsdvjsdbvsdvbsdv;Maximum length of Beneficiary ContactName is 100,Maximum length of Beneficiary PhoneNumber is 15,Maximum length of Beneficiary AddressLine1 is 35,Maximum length of Beneficiary AddressLine2 is 35,Maximum length of Beneficiary City is 20,Maximum length of Beneficiary CountryISO2 is 2,Maximum length of Beneficiary Region is 30,Maximum length of InstitutionName  is 50,Maximum length of SWIFTBIC  is 12,Maximum length of AccountNumber  is 50,Maximum length of CountryISO2 is 2,Maximum length of Currency  is 3
enable;case17_IN;SPN19134662;PAT21138887 ;bene1;123456;bank address1;BankAddress2;Belmont ;BeneficiaryRegion;90001;IN;HDFC;INR;;74057720;;;;RemKRtance Line3;RemKRtance Line4;Bank Country ISO2 is Mandatory
enable;case1_BR;SPN19134662;PAT21138887 ;;123456;;BankAddress2;Belmont ;BeneficiaryRegion;90001;BR;Banco;BRL;;74057720;26009593;BR;;RemKRtance LBRe3;RemKRtance LBRe4;Beneficiary Name is Mandatory,Beneficiary AddressLine1 is Mandatory
enable;case2_BR;SPN19134662;PAT21138887 ;bene1;123456;bank address1;;Belmont ;BeneficiaryRegion;90001;BR;Banco;BRL;;74057720;26009593;BR;;RemKRtance LBRe3;RemKRtance LBRe4;{ErrorMessage:Beneficiary address line 2 is required.,FieldName:AddressLine2,FieldLabel:AddressLine2},{ErrorMessage:IBAN Number is invalid. Value must start with\BR\ followed by exactly 27 characters.,FieldName:AccountNumber,FieldLabel:AccountNumber},{ErrorMessage:Beneficiary CPF is invalid. Value should be exactly 11 digits long.,FieldName:BeneficiaryCPF,FieldLabel:Beneficiary CPF},{ErrorMessage:Agency Code is invalid. Value should be betweem 4 and 5 digits long.,FieldName:AgencyCode,FieldLabel:Agency Code},{ErrorMessage:Contact name is invalid. Value should be 3 to 30 characters long.,FieldName:ContactName,FieldLabel:Contact Name},{ErrorMessage:Beneficiary account type is invalid. Account type should be CACC or SVGS.,FieldName:BeneficiaryAccountType,FieldLabel:Account Type}
enable;case3_BR;SPN19134662;PAT21138887 ;bene1;123456;bank address1;BankAddress2;;BeneficiaryRegion;90001;BR;Banco;BRL;;74057720;26009593;BR;;RemKRtance LBRe3;RemKRtance LBRe4;Beneficiary City is Mandatory
enable;case4_BR;SPN19134662;PAT21138887 ;bene1;123456;bank address1;BankAddress2;Belmont ;;90001;BR;Banco;BRL;;74057720;26009593;BR;;RemKRtance LBRe3;RemKRtance LBRe4;Beneficiary Region is Mandatory
enable;case5_BR;SPN19134662;PAT21138887 ;bene1;123456;bank address1;BankAddress2;Belmont ;BeneficiaryRegion;;BR;Banco;BRL;;74057720;26009593;BR;;RemKRtance LBRe3;RemKRtance LBRe4;Beneficiary Postal Code is Mandatory
enable;case6_BR;SPN19134662;PAT21138887 ;bene1;123456;bank address1;BankAddress2;Belmont ;BeneficiaryRegion;90001;;Banco;BRL;;74057720;26009593;BR;;RemKRtance LBRe3;RemKRtance LBRe4;Beneficiary Country ISO2 is Mandatory
enable;case7_BR;SPN19134662;PAT21138887 ;bene1;123456;;BankAddress2;Belmont ;BeneficiaryRegion;90001;BR;;BRL;;74057720;26009593;BR;;RemKRtance LBRe3;RemKRtance LBRe4;Beneficiary AddressLine1 is Mandatory,Institution Name is Mandatory
enable;case8_BR;SPN19134662;PAT21138887 ;bene1;123456;bank address1;BankAddress2;Belmont ;BeneficiaryRegion;90001;BR;Banco;BRL;;;26009593;BR;;RemKRtance LBRe3;RemKRtance LBRe4;Bank Account Number is Mandatory
enable;case9_BR;SPN19134662;PAT21138887 ;bene1;123456;bank address1;BankAddress2;Belmont ;BeneficiaryRegion;90001;BR;Banco;BRL;;74057720;;;;RemKRtance LBRe3;RemKRtance LBRe4;Bank Country ISO2 is Mandatory
enable;case10_BR;SPN19134662;PAT21138887 ;bene1;123456;bank address1;BankAddress2;Belmont ;BeneficiaryRegion;90001;BR;;BRL;;1234567890;123456;BR;;;;Institution Name is Mandatory
enable;case11_BR;SPN19134662;PAT21138887 ;bene1;123456;;BankAddress2;Belmont ;BeneficiaryRegion;90001;BR;Banco;;;74057720;26009593;BR;;RemKRtance LBRe3;RemKRtance LBRe4;Beneficiary AddressLine1 is Mandatory,Bank Currency is Mandatory
enable;case12_BR;SPN19134662;PAT21138887 ;bene1;123456;bank address1;BankAddress2;Belmont ;BeneficiaryRegion;90001;BR;Banco;1ad<;;74057720;26009593;BR;;RemKRtance LBRe3;RemKRtance LBRe4;Maximum length of Currency  is 3
enable;case13_BR;SPN19134662;PAT21138887 ;bene1;123456;bank address1;BankAddress2;Belmont ;BeneficiaryRegion;90001;BR;Banco;BRL;;74057720;26009593;12;;RemKRtance LBRe3;RemKRtance LBRe4;Invalid bank information
enable;case14_BR;SPN19134662;PAT21138887 ;bene1;123456;bank address1;BankAddress2;Belmont ;dsasd13<;90001;12;Banco;BRL;10853005085100;74057720;10853005085100;BR;;RemKRtance LBRe3;RemKRtance LBRe4;Maximum length of SWIFTBIC  is 12
enable;case15_BR;SPN19134662;PAT21138887 ;;;;;;;;;;;;;;;;;;Beneficiary Name is Mandatory,Beneficiary Phone Number is Mandatory,Beneficiary AddressLine1 is Mandatory,Beneficiary City is Mandatory,Beneficiary Country ISO2 is Mandatory,Beneficiary Postal Code is Mandatory,Beneficiary Region is Mandatory,Institution Name is Mandatory,Bank Account Number is Mandatory,Bank Country ISO2 is Mandatory,Bank Currency is Mandatory
enable;case16_BR;SPN19134662;PAT21138887 ;123456789fbnafadfadfbbafabafabfafjandfadfnadfndfbsdnvscnvbsnvbsndvbsdvbsdbvsnbvkvbsdvbsdvjsdbvsdvbsdv;1234567897856660000000000000000;123456789fbnafadfadfbbafabafabfafjandfadfnadfndfbsdnvscnvbsnvbsndvbsdvbsdbvsnbvkvbsdvbsdvjsdbvsdvbsdv;123456789fbnafadfadfbbafabafabfafjandfadfnadfndfbsdnvscnvbsnvbsndvbsdvbsdbvsnbvkvbsdvbsdvjsdbvsdvbsdv;123456789fbnafadfadfbbafabafabfafjandfadfnadfndfbsdnvscnvbsnvbsndvbsdvbsdbvsnbvkvbsdvbsdvjsdbvsdvbsdv;123456789fbnafadfadfbbafabafabfafjandfadfnadfndfbsdnvscnvbsnvbsndvbsdvbsdbvsnbvkvbsdvbsdvjsdbvsdvbsdv;90001;123456789fbnafadfadfbbafabafabfafjandfadfnadfndfbsdnvscnvbsnvbsndvbsdvbsdbvsnbvkvbsdvbsdvjsdbvsdvbsdv;123456789fbnafadfadfbbafabafabfafjandfadfnadfndfbsdnvscnvbsnvbsndvbsdvbsdbvsnbvkvbsdvbsdvjsdbvsdvbsdv;123456789fbnafadfadfbbafabafabfafjandfadfnadfndfbsdnvscnvbsnvbsndvbsdvbsdbvsnbvkvbsdvbsdvjsdbvsdvbsdv;123456789fbnafadfadfbbafabafabfafjandfadfnadfndfbsdnvscnvbsnvbsndvbsdvbsdbvsnbvkvbsdvbsdvjsdbvsdvbsdv;123456789fbnafadfadfbbafabafabfafjandfadfnadfndfbsdnvscnvbsnvbsndvbsdvbsdbvsnbvkvbsdvbsdvjsdbvsdvbsdv;123456789fbnafadfadfbbafabafabfafjandfadfnadfndfbsdnvscnvbsnvbsndvbsdvbsdbvsnbvkvbsdvbsdvjsdbvsdvbsdv;123456789fbnafadfadfbbafabafabfafjandfadfnadfndfbsdnvscnvbsnvbsndvbsdvbsdbvsnbvkvbsdvbsdvjsdbvsdvbsdv;123456789fbnafadfadfbbafabafabfafjandfadfnadfndfbsdnvscnvbsnvbsndvbsdvbsdbvsnbvkvbsdvbsdvjsdbvsdvbsdv;123456789fbnafadfadfbbafabafabfafjandfadfnadfndfbsdnvscnvbsnvbsndvbsdvbsdbvsnbvkvbsdvbsdvjsdbvsdvbsdv;123456789fbnafadfadfbbafabafabfafjandfadfnadfndfbsdnvscnvbsnvbsndvbsdvbsdbvsnbvkvbsdvbsdvjsdbvsdvbsdv;Maximum length of Beneficiary ContactName is 100,Maximum length of Beneficiary PhoneNumber is 15,Maximum length of Beneficiary AddressLine1 is 35,Maximum length of Beneficiary AddressLine2 is 35,Maximum length of Beneficiary City is 20,Maximum length of Beneficiary CountryISO2 is 2,Maximum length of Beneficiary Region is 30,Maximum length of InstitutionName  is 50,Maximum length of SWIFTBIC  is 12,Maximum length of AccountNumber  is 50,Maximum length of CountryISO2 is 2,Maximum length of Currency  is 3
enable;case17_BR;SPN19134662;PAT21138887 ;bene1;123456;bank address1;BankAddress2;Belmont ;BeneficiaryRegion;90001;BR;Banco;BRL;;74057720;;;;RemKRtance LBRe3;RemKRtance LBRe4;Bank Country ISO2 is Mandatory
