case;issuerAccountNumber;UserID;BeneficiaryName;PhoneNumber;BankAddress1;BankAddress2;BeneficiaryCity;BeneficiaryRegion;BeneficiaryPostalCode;CountryCode;BankName;Currency;BankSWIFTBIC;BankAccountNumber;BankRoutingCode;BankCountryCode;WithdrawType;Remittance Line3;Remittance Line4;experror
case1;;PAT1986818 ;case1;123;add 1;add 21;Toronto;GB;UK-232112;HRT;test1;USD;12345;1234sadas;USDF;USDF;;BOF XTRM Client 1;CGP010;Not authorized to access this resource.
case2;SPN1987678;;case1;123;add 1;add 21;Toronto;GB;UK-232112;HRT;test1;USD;12345;1234sadas;USDF;USDF;;BOF XTRM Client 1;CGP010;UserID is Mandatory,Maximum length of Beneficiary CountryISO2 is 2,Maximum length of CountryISO2 is 2
case3;SPN1987678;PAT1986818 ;;123;add 1;add 21;Toronto;GB;UK-232112;HRT;test1;USD;12345;1234sadas;USDF;USD;;BOF XTRM Client 1;CGP010;Beneficiary Name is Mandatory,Maximum length of Beneficiary CountryISO2 is 2,Maximum length of CountryISO2 is 2
case4;SPN1987678;PAT1986818 ;case1;;add 1;add 21;Toronto;GB;UK-232112;HRT;test1;USD;12345;1234sadas;USDF;USDF;;BOF XTRM Client 1;CGP010;Beneficiary Phone Number is Mandatory,Maximum length of Beneficiary CountryISO2 is 2,Maximum length of CountryISO2 is 2
case5;SPN1987678;PAT1986818 ;case1;123;;;Toronto;GB;UK-232112;HRT;test1;USD;12345;1234sadas;USDF;USDF;;BOF XTRM Client 1;CGP010;Beneficiary AddressLine1 is Mandatory,Maximum length of Beneficiary CountryISO2 is 2,Maximum length of CountryISO2 is 2
case6;SPN1987678;PAT1986818 ;case1;123;add 1;add 21;;GB;UK-232112;HRT;test1;USD;12345;1234sadas;USDF;USDF;;BOF XTRM Client 1;CGP010;Beneficiary City is Mandatory,Maximum length of Beneficiary CountryISO2 is 2,Maximum length of CountryISO2 is 2
case7;SPN1987678;PAT1986818 ;case1;123;add 1;add 21;Toronto;GB123;UK-232112;HRT;test1;USD;12345;1234sadas;USDF;USDF;;BOF XTRM Client 1;CGP010;Maximum length of Beneficiary CountryISO2 is 2,Maximum length of CountryISO2 is 2
case8;SPN1987678;PAT1986818 ;case1;123;add 1;add 21;Toronto;GB;;HRT;test1;USD;12345;1234sadas;USDF;USDF;;BOF XTRM Client 1;CGP010;Maximum length of Beneficiary CountryISO2 is 2,Beneficiary Postal Code is Mandatory,Maximum length of CountryISO2 is 2
case9;SPN1987678;PAT1986818 ;case1;123;add 1;add 21;Toronto;GB;UK-232112;HRT;test1;USD;12345;1234sadas;USDF;USDF;;BOF XTRM Client 1;CGP010;Maximum length of Beneficiary CountryISO2 is 2,Maximum length of CountryISO2 is 2
case10;SPN1987678;PAT1986818 ;case1;123;add 1;add 21;Toronto;GB;UK-232112;HRT;test1;USDfasdasdas;12345;1234sadas;USDF;USDF;;BOF XTRM Client 1;CGP010;Maximum length of Beneficiary CountryISO2 is 2,Maximum length of CountryISO2 is 2,Maximum length of Currency  is 3
case11;SPN1987678;PAT1986818 ;case1;123;add 1;add 21;Toronto;GB;UK-232112;HRT;test1;USD;12345;1234sadas;USDF;USDF;;BOF XTRM Client 1;CGP010;Maximum length of Beneficiary CountryISO2 is 2,Maximum length of CountryISO2 is 2
case12;SPN1987678;PAT1986818 ;case1;123;add 1;add 21;Toronto;GB;;HRT;test1;;12345;1234sadas;USDF;USDF;;BOF XTRM Client 1;CGP010;Maximum length of Beneficiary CountryISO2 is 2,Beneficiary Postal Code is Mandatory,Maximum length of CountryISO2 is 2,Bank Currency is Mandatory
case13;SPN1987678;PAT1986818 ;case1;dasdas12das3;add 1;add 21;Toronto;GB;;HRT;test1;;12345;1234sadas;USDF;USDF;;BOF XTRM Client 1;CGP010;Maximum length of Beneficiary CountryISO2 is 2,Beneficiary Postal Code is Mandatory,Maximum length of CountryISO2 is 2,Bank Currency is Mandatory
case14;SPN1987678;PAT1986818 ;case1;68dasd+59;add 1;add 21;Toronto;GB;;HRT;test1;;12345;1234sadas;USDF;USDF;;BOF XTRM Client 1;CGP010;Maximum length of Beneficiary CountryISO2 is 2,Beneficiary Postal Code is Mandatory,Maximum length of CountryISO2 is 2,Bank Currency is Mandatory
case15;SPN1987678;PAT1986818 ;case1;;add 1;add 21;Kansas;;;;test1;USD;12345;1234sadas;;;;BOF XTRM Client 1;CGP010;Beneficiary Phone Number is Mandatory,Beneficiary Country ISO2 is Mandatory,Beneficiary Postal Code is Mandatory,Beneficiary Region is Mandatory,Bank Country ISO2 is Mandatory
case16;SPN1987678;PAT1986;case1;6859;add 1;add 21;Kansas;US;UK-232112;US;test1;USD;12345;1234sadas;US;US;;BOF XTRM Client 1;CGP010;PAT1986 - Invalid ID
case17;SPN1987678;PAT1986818 ;case1;65897513;add 1;add 21;Toronto;WA;6974;US;Wells Fargo NA;USD;;1234567;;US;LV;BOF XTRM Client 1;CGP010;{ErrorMessage:BankRoutingCode / NationalID is required.,FieldName:RoutingNumber,FieldLabel:Routing Number}
case18;SPN1987678;PAT1986818 ;case1;65897513;add 1;add 21;Toronto;WA;6974;US;Wells Fargo NA;EUR;;1234567;;US;LV;BOF XTRM Client 1;CGP010;Low value for currency EUR is not currently supported.
case19;SPN1987678;PAT1986818 ;case1;65897513;add 1;add 21;Toronto;WA;6974;US;Wells Fargo NA;BRL;;1234567;;BR;LV;BOF XTRM Client 1;CGP010;Low value for BR with BRL is not currently supported
case20;SPN1987678;PAT1986818 ;case1;65897513;add 1;add 21;Toronto;WA;6974;US;Wells Fargo NA;GBP;;1234567;;US;HV;BOF XTRM Client 1;CGP010;{ErrorMessage:BankRoutingCode / NationalID is required.,FieldName:RoutingNumber,FieldLabel:Routing Number}
case21;SPN1987678;PAT1986818 ;case1;65897513;add 1;add 21;Toronto;WA;6974;US;Wells Fargo NA;QAR;;1234567;;QA;LV;BOF XTRM Client 1;CGP010;Low value for QA with QAR is not currently supported
case22;SPN1987678;PAT1986818 ;case1;65897513;add 1;add 21;Toronto;WA;6974;US;Wells Fargo NA;USD;;1234567;;QA;HV;BOF XTRM Client 1;CGP010;{ErrorMessage:BankAccountNumber must be formatted as IBAN,FieldName:,FieldLabel:},{ErrorMessage:Beneficiary SWIFT BIC is required.,FieldName:SWIFTBIC,FieldLabel:SWIFTBIC}
case23;SPN1987678;PAT1986818 ;;123456;;BankAddress2;Belmont ;California ;90001;US ;Bank of America Corporation ;USD ;;74057720;26009593;US ;;Remittance Line3;Remittance Line4;Beneficiary Name is Mandatory,Beneficiary AddressLine1 is Mandatory
case24;SPN1987678;PAT1986818 ;bene1;123456;bank address1;;Belmont ;California ;90001;US ;Bank of America Corporation ;USD ;;74057720;26009593;US ;;Remittance Line3;Remittance Line4;{ErrorMessage:Beneficiary address line 2 is required.,FieldName:AddressLine2,FieldLabel:AddressLine2},{ErrorMessage:ABA Number is invalid. Value should be exactly 9 digits long.,FieldName:RoutingNumber,FieldLabel:RoutingNumber}
case25;SPN1987678;PAT1986818 ;bene1;123456;bank address1;BankAddress2;;California ;90001;US ;Bank of America Corporation ;USD ;;74057720;26009593;US ;;Remittance Line3;Remittance Line4;Beneficiary City is Mandatory
case26;SPN1987678;PAT1986818 ;bene1;123456;bank address1;BankAddress2;Belmont ;;90001;US ;Bank of America Corporation ;USD ;;74057720;26009593;US ;;Remittance Line3;Remittance Line4;Beneficiary Region is Mandatory
case27;SPN1987678;PAT1986818 ;bene1;123456;bank address1;BankAddress2;Belmont ;California ;;US ;Bank of America Corporation ;USD ;;74057720;26009593;US ;;Remittance Line3;Remittance Line4;Beneficiary Postal Code is Mandatory
case28;SPN1987678;PAT1986818 ;bene1;123456;bank address1;BankAddress2;Belmont ;California ;90001;;Bank of America Corporation ;USD ;;74057720;26009593;US ;;Remittance Line3;Remittance Line4;Beneficiary Country ISO2 is Mandatory
case29;SPN1987678;PAT1986818 ;bene1;123456;;BankAddress2;Belmont ;California ;90001;US ;;USD ;;74057720;26009593;US ;;Remittance Line3;Remittance Line4;Beneficiary AddressLine1 is Mandatory,Institution Name is Mandatory
case30;SPN1987678;PAT1986818 ;bene1;123456;bank address1;BankAddress2;Belmont ;California ;90001;US ;Bank of America Corporation ;USD ;;;26009593;US ;;Remittance Line3;Remittance Line4;Bank Account Number is Mandatory
case31;SPN1987678;PAT1986818 ;bene1;123456;bank address1;BankAddress2;Belmont ;California ;90001;US ;Bank of America Corporation ;USD ;;74057720;;;;Remittance Line3;Remittance Line4;Bank Country ISO2 is Mandatory
case32;SPN1987678;PAT1986818 ;bene1;123456;bank address1;BankAddress2;Belmont ;California ;90001;US ;Bank of America Corporation ;USD ;;74057720;110100137;US ;;;;Invalid bank information
case33;SPN1987678;PAT1986818 ;bene1;123456;;BankAddress2;Belmont ;California ;90001;US ;Bank of America Corporation ;;;74057720;26009593;US ;;Remittance Line3;Remittance Line4;Beneficiary AddressLine1 is Mandatory,Bank Currency is Mandatory
case34;SPN1987678;PAT1986818 ;bene1;123456;bank address1;BankAddress2;Belmont ;California ;90001;US ;Bank of America Corporation ;1ad<;;74057720;26009593;US ;;Remittance Line3;Remittance Line4;Maximum length of Currency  is 3
case35;SPN1987678;PAT1986818 ;bene1;123456;bank address1;BankAddress2;Belmont ;California ;90001;US ;Bank of America Corporation ;USD ;;74057720;26009593;12;;Remittance Line3;Remittance Line4;Invalid bank information
case36;SPN1987678;PAT1986818 ;bene1;123456;bank address1;BankAddress2;Belmont ;dsasd13<;90001;12;Bank of America Corporation ;USD ;;74057720;260095093;US ;;Remittance Line3;Remittance Line4;Invalid bank information
case37;SPN1987678;PAT1986818 ;;;;;;;;;;;;;;;;;;Beneficiary Name is Mandatory,Beneficiary Phone Number is Mandatory,Beneficiary AddressLine1 is Mandatory,Beneficiary City is Mandatory,Beneficiary Country ISO2 is Mandatory,Beneficiary Postal Code is Mandatory,Beneficiary Region is Mandatory,Institution Name is Mandatory,Bank Account Number is Mandatory,Bank Country ISO2 is Mandatory,Bank Currency is Mandatory
case38;SPN1987678;PAT1986818 ;123456789fbnafadfadfbbafabafabfafjandfadfnadfndfbsdnvscnvbsnvbsndvbsdvbsdbvsnbvkvbsdvbsdvjsdbvsdvbsdv;1234567897856660000000000000000;123456789fbnafadfadfbbafabafabfafjandfadfnadfndfbsdnvscnvbsnvbsndvbsdvbsdbvsnbvkvbsdvbsdvjsdbvsdvbsdv;123456789fbnafadfadfbbafabafabfafjandfadfnadfndfbsdnvscnvbsnvbsndvbsdvbsdbvsnbvkvbsdvbsdvjsdbvsdvbsdv;123456789fbnafadfadfbbafabafabfafjandfadfnadfndfbsdnvscnvbsnvbsndvbsdvbsdbvsnbvkvbsdvbsdvjsdbvsdvbsdv;123456789fbnafadfadfbbafabafabfafjandfadfnadfndfbsdnvscnvbsnvbsndvbsdvbsdbvsnbvkvbsdvbsdvjsdbvsdvbsdv;90001;123456789fbnafadfadfbbafabafabfafjandfadfnadfndfbsdnvscnvbsnvbsndvbsdvbsdbvsnbvkvbsdvbsdvjsdbvsdvbsdv;123456789fbnafadfadfbbafabafabfafjandfadfnadfndfbsdnvscnvbsnvbsndvbsdvbsdbvsnbvkvbsdvbsdvjsdbvsdvbsdv;123456789fbnafadfadfbbafabafabfafjandfadfnadfndfbsdnvscnvbsnvbsndvbsdvbsdbvsnbvkvbsdvbsdvjsdbvsdvbsdv;123456789fbnafadfadfbbafabafabfafjandfadfnadfndfbsdnvscnvbsnvbsndvbsdvbsdbvsnbvkvbsdvbsdvjsdbvsdvbsdv;123456789fbnafadfadfbbafabafabfafjandfadfnadfndfbsdnvscnvbsnvbsndvbsdvbsdbvsnbvkvbsdvbsdvjsdbvsdvbsdv;123456789fbnafadfadfbbafabafabfafjandfadfnadfndfbsdnvscnvbsnvbsndvbsdvbsdbvsnbvkvbsdvbsdvjsdbvsdvbsdv;123456789fbnafadfadfbbafabafabfafjandfadfnadfndfbsdnvscnvbsnvbsndvbsdvbsdbvsnbvkvbsdvbsdvjsdbvsdvbsdv;123456789fbnafadfadfbbafabafabfafjandfadfnadfndfbsdnvscnvbsnvbsndvbsdvbsdbvsnbvkvbsdvbsdvjsdbvsdvbsdv;123456789fbnafadfadfbbafabafabfafjandfadfnadfndfbsdnvscnvbsnvbsndvbsdvbsdbvsnbvkvbsdvbsdvjsdbvsdvbsdv;123456789fbnafadfadfbbafabafabfafjandfadfnadfndfbsdnvscnvbsnvbsndvbsdvbsdbvsnbvkvbsdvbsdvjsdbvsdvbsdv;Maximum length of Beneficiary ContactName is 100,Maximum length of Beneficiary PhoneNumber is 15,Maximum length of Beneficiary AddressLine1 is 35,Maximum length of Beneficiary AddressLine2 is 35,Maximum length of Beneficiary City is 20,Maximum length of Beneficiary CountryISO2 is 2,Maximum length of Beneficiary Region is 30,Maximum length of InstitutionName  is 50,Maximum length of SWIFTBIC  is 12,Maximum length of AccountNumber  is 50,Maximum length of CountryISO2 is 2,Maximum length of Currency  is 3
case39;SPN1987678;PAT1986818 ;bene1;123456;bank address1;BankAddress2;Belmont ;California ;90001;US ;Bank of America Corporation ;USD ;;74057720;;;;Remittance Line3;Remittance Line4;Bank Country ISO2 is Mandatory
case40;SPN1987678;PAT1986818 ;;123456;;BankAddress2;Belmont ;London;90001;UK ;HSBC UK Bank Plc;GBP ;;74057720;26009593;UK;;Remittance Line3;Remittance Line4;Beneficiary Name is Mandatory,Beneficiary AddressLine1 is Mandatory
case41;SPN1987678;PAT1986818 ;bene1;123456;bank address1;;Belmont ;California ;90001;UK;HSBC UK Bank Plc;GBP ;;74057720;26009593;UK;;Remittance Line3;Remittance Line4;{ErrorMessage:Beneficiary address line 2 is required.,FieldName:AddressLine2,FieldLabel:AddressLine2}
case42;SPN1987678;PAT1986818 ;bene1;123456;bank address1;BankAddress2;;California ;90001;UK;HSBC UK Bank Plc;GBP ;;74057720;26009593;UK;;Remittance Line3;Remittance Line4;Beneficiary City is Mandatory
case43;SPN1987678;PAT1986818 ;bene1;123456;bank address1;BankAddress2;Belmont ;;90001;UK;HSBC UK Bank Plc;GBP ;;74057720;26009593;UK;;Remittance Line3;Remittance Line4;Beneficiary Region is Mandatory
case44;SPN1987678;PAT1986818 ;bene1;123456;bank address1;BankAddress2;Belmont ;California ;;UK;HSBC UK Bank Plc;GBP ;;74057720;26009593;UK;;Remittance Line3;Remittance Line4;Beneficiary Postal Code is Mandatory
case45;SPN1987678;PAT1986818 ;bene1;123456;bank address1;BankAddress2;Belmont ;California ;90001;;HSBC UK Bank Plc;GBP ;;74057720;26009593;UK;;Remittance Line3;Remittance Line4;Beneficiary Country ISO2 is Mandatory
case46;SPN1987678;PAT1986818 ;bene1;123456;;BankAddress2;Belmont ;California ;90001;UK;;GBP ;;74057720;26009593;UK;;Remittance Line3;Remittance Line4;Beneficiary AddressLine1 is Mandatory,Institution Name is Mandatory
case47;SPN1987678;PAT1986818 ;bene1;123456;bank address1;BankAddress2;Belmont ;California ;90001;UK;HSBC UK Bank Plc;GBP ;;;26009593;UK;;Remittance Line3;Remittance Line4;Bank Account Number is Mandatory
case48;SPN1987678;PAT1986818 ;bene1;123456;bank address1;BankAddress2;Belmont ;California ;90001;UK;HSBC UK Bank Plc;GBP ;;74057720;;;;Remittance Line3;Remittance Line4;Bank Country ISO2 is Mandatory
case49;SPN1987678;PAT1986818 ;bene1;123456;bank address1;BankAddress2;Belmont ;California ;90001;UK;HSBC UK Bank Plc;GBP ;;74057720;110100137;UK;;;;Invalid bank information
case50;SPN1987678;PAT1986818 ;bene1;123456;;BankAddress2;Belmont ;California ;90001;UK;HSBC UK Bank Plc;;;74057720;26009593;UK;;Remittance Line3;Remittance Line4;Beneficiary AddressLine1 is Mandatory,Bank Currency is Mandatory
case51;SPN1987678;PAT1986818 ;bene1;123456;bank address1;BankAddress2;Belmont ;California ;90001;UK;HSBC UK Bank Plc;1ad<;;74057720;26009593;UK;;Remittance Line3;Remittance Line4;Maximum length of Currency  is 3
case52;SPN1987678;PAT1986818 ;bene1;123456;bank address1;BankAddress2;Belmont ;California ;90001;UK;HSBC UK Bank Plc;GBP ;;74057720;26009593;12;;Remittance Line3;Remittance Line4;Invalid bank information
case53;SPN1987678;PAT1986818 ;bene1;123456;bank address1;BankAddress2;Belmont ;dsasd13<;90001;12;HSBC UK Bank Plc;GBP ;;74057720;260095093;UK;;Remittance Line3;Remittance Line4;Invalid bank information
case54;SPN1987678;PAT1986818 ;;;;;;;;;;;;;;;;;;Beneficiary Name is Mandatory,Beneficiary Phone Number is Mandatory,Beneficiary AddressLine1 is Mandatory,Beneficiary City is Mandatory,Beneficiary Country ISO2 is Mandatory,Beneficiary Postal Code is Mandatory,Beneficiary Region is Mandatory,Institution Name is Mandatory,Bank Account Number is Mandatory,Bank Country ISO2 is Mandatory,Bank Currency is Mandatory
case55;SPN1987678;PAT1986818 ;123456789fbnafadfadfbbafabafabfafjandfadfnadfndfbsdnvscnvbsnvbsndvbsdvbsdbvsnbvkvbsdvbsdvjsdbvsdvbsdv;1234567897856660000000000000000;123456789fbnafadfadfbbafabafabfafjandfadfnadfndfbsdnvscnvbsnvbsndvbsdvbsdbvsnbvkvbsdvbsdvjsdbvsdvbsdv;123456789fbnafadfadfbbafabafabfafjandfadfnadfndfbsdnvscnvbsnvbsndvbsdvbsdbvsnbvkvbsdvbsdvjsdbvsdvbsdv;123456789fbnafadfadfbbafabafabfafjandfadfnadfndfbsdnvscnvbsnvbsndvbsdvbsdbvsnbvkvbsdvbsdvjsdbvsdvbsdv;123456789fbnafadfadfbbafabafabfafjandfadfnadfndfbsdnvscnvbsnvbsndvbsdvbsdbvsnbvkvbsdvbsdvjsdbvsdvbsdv;90001;123456789fbnafadfadfbbafabafabfafjandfadfnadfndfbsdnvscnvbsnvbsndvbsdvbsdbvsnbvkvbsdvbsdvjsdbvsdvbsdv;123456789fbnafadfadfbbafabafabfafjandfadfnadfndfbsdnvscnvbsnvbsndvbsdvbsdbvsnbvkvbsdvbsdvjsdbvsdvbsdv;123456789fbnafadfadfbbafabafabfafjandfadfnadfndfbsdnvscnvbsnvbsndvbsdvbsdbvsnbvkvbsdvbsdvjsdbvsdvbsdv;123456789fbnafadfadfbbafabafabfafjandfadfnadfndfbsdnvscnvbsnvbsndvbsdvbsdbvsnbvkvbsdvbsdvjsdbvsdvbsdv;123456789fbnafadfadfbbafabafabfafjandfadfnadfndfbsdnvscnvbsnvbsndvbsdvbsdbvsnbvkvbsdvbsdvjsdbvsdvbsdv;123456789fbnafadfadfbbafabafabfafjandfadfnadfndfbsdnvscnvbsnvbsndvbsdvbsdbvsnbvkvbsdvbsdvjsdbvsdvbsdv;123456789fbnafadfadfbbafabafabfafjandfadfnadfndfbsdnvscnvbsnvbsndvbsdvbsdbvsnbvkvbsdvbsdvjsdbvsdvbsdv;123456789fbnafadfadfbbafabafabfafjandfadfnadfndfbsdnvscnvbsnvbsndvbsdvbsdbvsnbvkvbsdvbsdvjsdbvsdvbsdv;123456789fbnafadfadfbbafabafabfafjandfadfnadfndfbsdnvscnvbsnvbsndvbsdvbsdbvsnbvkvbsdvbsdvjsdbvsdvbsdv;123456789fbnafadfadfbbafabafabfafjandfadfnadfndfbsdnvscnvbsnvbsndvbsdvbsdbvsnbvkvbsdvbsdvjsdbvsdvbsdv;Maximum length of Beneficiary ContactName is 100,Maximum length of Beneficiary PhoneNumber is 15,Maximum length of Beneficiary AddressLine1 is 35,Maximum length of Beneficiary AddressLine2 is 35,Maximum length of Beneficiary City is 20,Maximum length of Beneficiary CountryISO2 is 2,Maximum length of Beneficiary Region is 30,Maximum length of InstitutionName  is 50,Maximum length of SWIFTBIC  is 12,Maximum length of AccountNumber  is 50,Maximum length of CountryISO2 is 2,Maximum length of Currency  is 3
case56;SPN1987678;PAT1986818 ;bene1;123456;bank address1;BankAddress2;Belmont ;California ;90001;UK;HSBC UK Bank Plc;GBP ;;74057720;;;;Remittance Line3;Remittance Line4;Bank Country ISO2 is Mandatory
case57;SPN1987678;PAT1986818 ;;123456;;BankAddress2;Belmont ;London;90001;IT ;Intesa San Paolo;EUR;;74057720;26009593;IT;;Remittance Line3;Remittance Line4;Beneficiary Name is Mandatory,Beneficiary AddressLine1 is Mandatory
case58;SPN1987678;PAT1986818 ;bene1;123456;bank address1;;Belmont ;California ;90001;IT;Intesa San Paolo;EUR;;74057720;26009593;IT;;Remittance Line3;Remittance Line4;{ErrorMessage:Beneficiary address line 2 is required.,FieldName:AddressLine2,FieldLabel:AddressLine2},{ErrorMessage:IBAN Number is invalid. Value must start with\IT\ followed by exactly 25 characters.,FieldName:AccountNumber,FieldLabel:AccountNumber}
case59;SPN1987678;PAT1986818 ;bene1;123456;bank address1;BankAddress2;;California ;90001;IT;Intesa San Paolo;EUR;;74057720;26009593;IT;;Remittance Line3;Remittance Line4;Beneficiary City is Mandatory
case60;SPN1987678;PAT1986818 ;bene1;123456;bank address1;BankAddress2;Belmont ;;90001;IT;Intesa San Paolo;EUR;;74057720;26009593;IT;;Remittance Line3;Remittance Line4;Beneficiary Region is Mandatory
case61;SPN1987678;PAT1986818 ;bene1;123456;bank address1;BankAddress2;Belmont ;California ;;IT;Intesa San Paolo;EUR;;74057720;26009593;IT;;Remittance Line3;Remittance Line4;Beneficiary Postal Code is Mandatory
case62;SPN1987678;PAT1986818 ;bene1;123456;bank address1;BankAddress2;Belmont ;California ;90001;;Intesa San Paolo;EUR;;74057720;26009593;IT;;Remittance Line3;Remittance Line4;Beneficiary Country ISO2 is Mandatory
case63;SPN1987678;PAT1986818 ;bene1;123456;;BankAddress2;Belmont ;California ;90001;IT;;EUR;;74057720;26009593;IT;;Remittance Line3;Remittance Line4;Beneficiary AddressLine1 is Mandatory,Institution Name is Mandatory
case64;SPN1987678;PAT1986818 ;bene1;123456;bank address1;BankAddress2;Belmont ;California ;90001;IT;Intesa San Paolo;EUR;;;26009593;IT;;Remittance Line3;Remittance Line4;Bank Account Number is Mandatory
case65;SPN1987678;PAT1986818 ;bene1;123456;bank address1;BankAddress2;Belmont ;California ;90001;IT;Intesa San Paolo;EUR;;74057720;;;;Remittance Line3;Remittance Line4;Bank Country ISO2 is Mandatory
case66;SPN1987678;PAT1986818 ;bene1;123456;bank address1;BankAddress2;Belmont ;California ;90001;IT;Intesa San Paolo;EUR;;74057720;110100137;IT;;;;{ErrorMessage:IBAN Number is invalid. Value must start with\IT\ followed by exactly 25 characters.,FieldName:AccountNumber,FieldLabel:AccountNumber}
case67;SPN1987678;PAT1986818 ;bene1;123456;;BankAddress2;Belmont ;California ;90001;IT;Intesa San Paolo;;;74057720;26009593;IT;;Remittance Line3;Remittance Line4;Beneficiary AddressLine1 is Mandatory,Bank Currency is Mandatory
case68;SPN1987678;PAT1986818 ;bene1;123456;bank address1;BankAddress2;Belmont ;California ;90001;IT;Intesa San Paolo;1ad<;;74057720;26009593;IT;;Remittance Line3;Remittance Line4;Maximum length of Currency  is 3
case69;SPN1987678;PAT1986818 ;bene1;123456;bank address1;BankAddress2;Belmont ;California ;90001;IT;Intesa San Paolo;EUR;;74057720;26009593;12;;Remittance Line3;Remittance Line4;Invalid bank information
case70;SPN1987678;PAT1986818 ;bene1;123456;bank address1;BankAddress2;Belmont ;dsasd13<;90001;12;Intesa San Paolo;EUR;IT77V0306949110100000066535 ;74057720;IT77V0306949110100000066535 ;IT;;Remittance Line3;Remittance Line4;Maximum length of SWIFTBIC  is 12
case71;SPN1987678;PAT1986818 ;;;;;;;;;;;;;;;;;;Beneficiary Name is Mandatory,Beneficiary Phone Number is Mandatory,Beneficiary AddressLine1 is Mandatory,Beneficiary City is Mandatory,Beneficiary Country ISO2 is Mandatory,Beneficiary Postal Code is Mandatory,Beneficiary Region is Mandatory,Institution Name is Mandatory,Bank Account Number is Mandatory,Bank Country ISO2 is Mandatory,Bank Currency is Mandatory
case72;SPN1987678;PAT1986818 ;123456789fbnafadfadfbbafabafabfafjandfadfnadfndfbsdnvscnvbsnvbsndvbsdvbsdbvsnbvkvbsdvbsdvjsdbvsdvbsdv;1234567897856660000000000000000;123456789fbnafadfadfbbafabafabfafjandfadfnadfndfbsdnvscnvbsnvbsndvbsdvbsdbvsnbvkvbsdvbsdvjsdbvsdvbsdv;123456789fbnafadfadfbbafabafabfafjandfadfnadfndfbsdnvscnvbsnvbsndvbsdvbsdbvsnbvkvbsdvbsdvjsdbvsdvbsdv;123456789fbnafadfadfbbafabafabfafjandfadfnadfndfbsdnvscnvbsnvbsndvbsdvbsdbvsnbvkvbsdvbsdvjsdbvsdvbsdv;123456789fbnafadfadfbbafabafabfafjandfadfnadfndfbsdnvscnvbsnvbsndvbsdvbsdbvsnbvkvbsdvbsdvjsdbvsdvbsdv;90001;123456789fbnafadfadfbbafabafabfafjandfadfnadfndfbsdnvscnvbsnvbsndvbsdvbsdbvsnbvkvbsdvbsdvjsdbvsdvbsdv;123456789fbnafadfadfbbafabafabfafjandfadfnadfndfbsdnvscnvbsnvbsndvbsdvbsdbvsnbvkvbsdvbsdvjsdbvsdvbsdv;123456789fbnafadfadfbbafabafabfafjandfadfnadfndfbsdnvscnvbsnvbsndvbsdvbsdbvsnbvkvbsdvbsdvjsdbvsdvbsdv;123456789fbnafadfadfbbafabafabfafjandfadfnadfndfbsdnvscnvbsnvbsndvbsdvbsdbvsnbvkvbsdvbsdvjsdbvsdvbsdv;123456789fbnafadfadfbbafabafabfafjandfadfnadfndfbsdnvscnvbsnvbsndvbsdvbsdbvsnbvkvbsdvbsdvjsdbvsdvbsdv;123456789fbnafadfadfbbafabafabfafjandfadfnadfndfbsdnvscnvbsnvbsndvbsdvbsdbvsnbvkvbsdvbsdvjsdbvsdvbsdv;123456789fbnafadfadfbbafabafabfafjandfadfnadfndfbsdnvscnvbsnvbsndvbsdvbsdbvsnbvkvbsdvbsdvjsdbvsdvbsdv;123456789fbnafadfadfbbafabafabfafjandfadfnadfndfbsdnvscnvbsnvbsndvbsdvbsdbvsnbvkvbsdvbsdvjsdbvsdvbsdv;123456789fbnafadfadfbbafabafabfafjandfadfnadfndfbsdnvscnvbsnvbsndvbsdvbsdbvsnbvkvbsdvbsdvjsdbvsdvbsdv;123456789fbnafadfadfbbafabafabfafjandfadfnadfndfbsdnvscnvbsnvbsndvbsdvbsdbvsnbvkvbsdvbsdvjsdbvsdvbsdv;Maximum length of Beneficiary ContactName is 100,Maximum length of Beneficiary PhoneNumber is 15,Maximum length of Beneficiary AddressLine1 is 35,Maximum length of Beneficiary AddressLine2 is 35,Maximum length of Beneficiary City is 20,Maximum length of Beneficiary CountryISO2 is 2,Maximum length of Beneficiary Region is 30,Maximum length of InstitutionName  is 50,Maximum length of SWIFTBIC  is 12,Maximum length of AccountNumber  is 50,Maximum length of CountryISO2 is 2,Maximum length of Currency  is 3
case73;SPN1987678;PAT1986818 ;bene1;123456;bank address1;BankAddress2;Belmont ;California ;90001;IT;Intesa San Paolo;EUR;;74057720;;;;Remittance Line3;Remittance Line4;Bank Country ISO2 is Mandatory
case74;SPN1987678;PAT1986818 ;;123456;;BankAddress2;Belmont ;London;90001;KR ;Intesa San Paolo;KRW;;74057720;26009593;KR;;RemKRtance Line3;RemKRtance Line4;Beneficiary Name is Mandatory,Beneficiary AddressLine1 is Mandatory
case75;SPN1987678;PAT1986818 ;bene1;123456;bank address1;;Belmont ;California ;90001;KR;Intesa San Paolo;KRW;;74057720;26009593;KR;;RemKRtance Line3;RemKRtance Line4;{ErrorMessage:Beneficiary address line 2 is required.,FieldName:AddressLine2,FieldLabel:AddressLine2},{ErrorMessage:Contact name is invalid. Value should be 3 to 30 characters long.,FieldName:ContactName,FieldLabel:Contact Name}
case76;SPN1987678;PAT1986818 ;bene1;123456;bank address1;BankAddress2;;California ;90001;KR;Intesa San Paolo;KRW;;74057720;26009593;KR;;RemKRtance Line3;RemKRtance Line4;Beneficiary City is Mandatory
case77;SPN1987678;PAT1986818 ;bene1;123456;bank address1;BankAddress2;Belmont ;;90001;KR;Intesa San Paolo;KRW;;74057720;26009593;KR;;RemKRtance Line3;RemKRtance Line4;Beneficiary Region is Mandatory
case78;SPN1987678;PAT1986818 ;bene1;123456;bank address1;BankAddress2;Belmont ;California ;;KR;Intesa San Paolo;KRW;;74057720;26009593;KR;;RemKRtance Line3;RemKRtance Line4;Beneficiary Postal Code is Mandatory
case79;SPN1987678;PAT1986818 ;bene1;123456;bank address1;BankAddress2;Belmont ;California ;90001;;Intesa San Paolo;KRW;;74057720;26009593;KR;;RemKRtance Line3;RemKRtance Line4;Beneficiary Country ISO2 is Mandatory
case80;SPN1987678;PAT1986818 ;bene1;123456;;BankAddress2;Belmont ;California ;90001;KR;;KRW;;74057720;26009593;KR;;RemKRtance Line3;RemKRtance Line4;Beneficiary AddressLine1 is Mandatory,Institution Name is Mandatory
case81;SPN1987678;PAT1986818 ;bene1;123456;bank address1;BankAddress2;Belmont ;California ;90001;KR;Intesa San Paolo;KRW;;;26009593;KR;;RemKRtance Line3;RemKRtance Line4;Bank Account Number is Mandatory
case82;SPN1987678;PAT1986818 ;bene1;123456;bank address1;BankAddress2;Belmont ;California ;90001;KR;Intesa San Paolo;KRW;;74057720;;;;RemKRtance Line3;RemKRtance Line4;Bank Country ISO2 is Mandatory
case83;SPN1987678;PAT1986818 ;bene1;123456;bank address1;BankAddress2;Belmont ;California ;90001;KR;Intesa San Paolo;KRW;;74057720;110100137;KR;;;;{ErrorMessage:Contact name is invalid. Value should be 3 to 30 characters long.,FieldName:ContactName,FieldLabel:Contact Name}
case84;SPN1987678;PAT1986818 ;bene1;123456;;BankAddress2;Belmont ;California ;90001;KR;Intesa San Paolo;;;74057720;26009593;KR;;RemKRtance Line3;RemKRtance Line4;Beneficiary AddressLine1 is Mandatory,Bank Currency is Mandatory
case85;SPN1987678;PAT1986818 ;bene1;123456;bank address1;BankAddress2;Belmont ;California ;90001;KR;Intesa San Paolo;1ad<;;74057720;26009593;KR;;RemKRtance Line3;RemKRtance Line4;Maximum length of Currency  is 3
case86;SPN1987678;PAT1986818 ;bene1;123456;bank address1;BankAddress2;Belmont ;California ;90001;KR;Intesa San Paolo;KRW;;74057720;26009593;12;;RemKRtance Line3;RemKRtance Line4;Invalid bank information
case87;SPN1987678;PAT1986818 ;bene1;123456;bank address1;BankAddress2;Belmont ;dsasd13<;90001;12;Intesa San Paolo;KRW;KR77V0306949110100000066535 ;74057720;KR77V0306949110100000066535 ;KR;;RemKRtance Line3;RemKRtance Line4;Maximum length of SWIFTBIC  is 12
case88;SPN1987678;PAT1986818 ;;;;;;;;;;;;;;;;;;Beneficiary Name is Mandatory,Beneficiary Phone Number is Mandatory,Beneficiary AddressLine1 is Mandatory,Beneficiary City is Mandatory,Beneficiary Country ISO2 is Mandatory,Beneficiary Postal Code is Mandatory,Beneficiary Region is Mandatory,Institution Name is Mandatory,Bank Account Number is Mandatory,Bank Country ISO2 is Mandatory,Bank Currency is Mandatory
case89;SPN1987678;PAT1986818 ;123456789fbnafadfadfbbafabafabfafjandfadfnadfndfbsdnvscnvbsnvbsndvbsdvbsdbvsnbvkvbsdvbsdvjsdbvsdvbsdv;1234567897856660000000000000000;123456789fbnafadfadfbbafabafabfafjandfadfnadfndfbsdnvscnvbsnvbsndvbsdvbsdbvsnbvkvbsdvbsdvjsdbvsdvbsdv;123456789fbnafadfadfbbafabafabfafjandfadfnadfndfbsdnvscnvbsnvbsndvbsdvbsdbvsnbvkvbsdvbsdvjsdbvsdvbsdv;123456789fbnafadfadfbbafabafabfafjandfadfnadfndfbsdnvscnvbsnvbsndvbsdvbsdbvsnbvkvbsdvbsdvjsdbvsdvbsdv;123456789fbnafadfadfbbafabafabfafjandfadfnadfndfbsdnvscnvbsnvbsndvbsdvbsdbvsnbvkvbsdvbsdvjsdbvsdvbsdv;90001;123456789fbnafadfadfbbafabafabfafjandfadfnadfndfbsdnvscnvbsnvbsndvbsdvbsdbvsnbvkvbsdvbsdvjsdbvsdvbsdv;123456789fbnafadfadfbbafabafabfafjandfadfnadfndfbsdnvscnvbsnvbsndvbsdvbsdbvsnbvkvbsdvbsdvjsdbvsdvbsdv;123456789fbnafadfadfbbafabafabfafjandfadfnadfndfbsdnvscnvbsnvbsndvbsdvbsdbvsnbvkvbsdvbsdvjsdbvsdvbsdv;123456789fbnafadfadfbbafabafabfafjandfadfnadfndfbsdnvscnvbsnvbsndvbsdvbsdbvsnbvkvbsdvbsdvjsdbvsdvbsdv;123456789fbnafadfadfbbafabafabfafjandfadfnadfndfbsdnvscnvbsnvbsndvbsdvbsdbvsnbvkvbsdvbsdvjsdbvsdvbsdv;123456789fbnafadfadfbbafabafabfafjandfadfnadfndfbsdnvscnvbsnvbsndvbsdvbsdbvsnbvkvbsdvbsdvjsdbvsdvbsdv;123456789fbnafadfadfbbafabafabfafjandfadfnadfndfbsdnvscnvbsnvbsndvbsdvbsdbvsnbvkvbsdvbsdvjsdbvsdvbsdv;123456789fbnafadfadfbbafabafabfafjandfadfnadfndfbsdnvscnvbsnvbsndvbsdvbsdbvsnbvkvbsdvbsdvjsdbvsdvbsdv;123456789fbnafadfadfbbafabafabfafjandfadfnadfndfbsdnvscnvbsnvbsndvbsdvbsdbvsnbvkvbsdvbsdvjsdbvsdvbsdv;123456789fbnafadfadfbbafabafabfafjandfadfnadfndfbsdnvscnvbsnvbsndvbsdvbsdbvsnbvkvbsdvbsdvjsdbvsdvbsdv;Maximum length of Beneficiary ContactName is 100,Maximum length of Beneficiary PhoneNumber is 15,Maximum length of Beneficiary AddressLine1 is 35,Maximum length of Beneficiary AddressLine2 is 35,Maximum length of Beneficiary City is 20,Maximum length of Beneficiary CountryISO2 is 2,Maximum length of Beneficiary Region is 30,Maximum length of InstitutionName  is 50,Maximum length of SWIFTBIC  is 12,Maximum length of AccountNumber  is 50,Maximum length of CountryISO2 is 2,Maximum length of Currency  is 3
case90;SPN1987678;PAT1986818 ;bene1;123456;bank address1;BankAddress2;Belmont ;California ;90001;KR;Intesa San Paolo;KRW;;74057720;;;;RemKRtance Line3;RemKRtance Line4;Bank Country ISO2 is Mandatory
case91;SPN1987678;PAT1986818 ;;123456;;BankAddress2;Belmont ;London;90001;NZ;Anz New Zealand Investments Limited;NZD;;74057720;26009593;NZ;;RemKRtance Line3;RemKRtance Line4;Beneficiary Name is Mandatory,Beneficiary AddressLine1 is Mandatory
case92;SPN1987678;PAT1986818 ;bene1;123456;bank address1;;Belmont ;California ;90001;NZ;Anz New Zealand Investments Limited;NZD;;74057720;26009593;NZ;;RemKRtance Line3;RemKRtance Line4;{ErrorMessage:Beneficiary address line 2 is required.,FieldName:AddressLine2,FieldLabel:AddressLine2},{ErrorMessage:Beneficiary Account Number is invalid. Value should be exactly 10 digits long.,FieldName:AccountNumber,FieldLabel:AccountNumber},{ErrorMessage:Bank Routing Code is invalid. Value should be exactly 6 digits long.,FieldName:RoutingNumber,FieldLabel:RoutingNumber}
case93;SPN1987678;PAT1986818 ;bene1;123456;bank address1;BankAddress2;;California ;90001;NZ;Anz New Zealand Investments Limited;NZD;;74057720;26009593;NZ;;RemKRtance Line3;RemKRtance Line4;Beneficiary City is Mandatory
case94;SPN1987678;PAT1986818 ;bene1;123456;bank address1;BankAddress2;Belmont ;;90001;NZ;Anz New Zealand Investments Limited;NZD;;74057720;26009593;NZ;;RemKRtance Line3;RemKRtance Line4;Beneficiary Region is Mandatory
case95;SPN1987678;PAT1986818 ;bene1;123456;bank address1;BankAddress2;Belmont ;California ;;NZ;Anz New Zealand Investments Limited;NZD;;74057720;26009593;NZ;;RemKRtance Line3;RemKRtance Line4;Beneficiary Postal Code is Mandatory
case96;SPN1987678;PAT1986818 ;bene1;123456;bank address1;BankAddress2;Belmont ;California ;90001;;Anz New Zealand Investments Limited;NZD;;74057720;26009593;NZ;;RemKRtance Line3;RemKRtance Line4;Beneficiary Country ISO2 is Mandatory
case97;SPN1987678;PAT1986818 ;bene1;123456;;BankAddress2;Belmont ;California ;90001;NZ;;NZD;;74057720;26009593;NZ;;RemKRtance Line3;RemKRtance Line4;Beneficiary AddressLine1 is Mandatory,Institution Name is Mandatory
case98;SPN1987678;PAT1986818 ;bene1;123456;bank address1;BankAddress2;Belmont ;California ;90001;NZ;Anz New Zealand Investments Limited;NZD;;;26009593;NZ;;RemKRtance Line3;RemKRtance Line4;Bank Account Number is Mandatory
case99;SPN1987678;PAT1986818 ;bene1;123456;bank address1;BankAddress2;Belmont ;California ;90001;NZ;Anz New Zealand Investments Limited;NZD;;74057720;;;;RemKRtance Line3;RemKRtance Line4;Bank Country ISO2 is Mandatory
case100;SPN1987678;PAT1986818 ;bene1;123456;bank address1;BankAddress2;Belmont ;California ;90001;NZ;;NZD;;1234567890;123456;NZ;;;;Institution Name is Mandatory
case101;SPN1987678;PAT1986818 ;bene1;123456;;BankAddress2;Belmont ;California ;90001;NZ;Anz New Zealand Investments Limited;;;74057720;26009593;NZ;;RemKRtance Line3;RemKRtance Line4;Beneficiary AddressLine1 is Mandatory,Bank Currency is Mandatory
case102;SPN1987678;PAT1986818 ;bene1;123456;bank address1;BankAddress2;Belmont ;California ;90001;NZ;Anz New Zealand Investments Limited;1ad<;;74057720;26009593;NZ;;RemKRtance Line3;RemKRtance Line4;Maximum length of Currency  is 3
case103;SPN1987678;PAT1986818 ;bene1;123456;bank address1;BankAddress2;Belmont ;California ;90001;NZ;Anz New Zealand Investments Limited;NZD;;74057720;26009593;12;;RemKRtance Line3;RemKRtance Line4;Invalid bank information
case104;SPN1987678;PAT1986818 ;bene1;123456;bank address1;BankAddress2;Belmont ;dsasd13<;90001;12;Anz New Zealand Investments Limited;NZD;10853005085100;74057720;10853005085100;NZ;;RemKRtance Line3;RemKRtance Line4;Maximum length of SWIFTBIC  is 12
case105;SPN1987678;PAT1986818 ;;;;;;;;;;;;;;;;;;Beneficiary Name is Mandatory,Beneficiary Phone Number is Mandatory,Beneficiary AddressLine1 is Mandatory,Beneficiary City is Mandatory,Beneficiary Country ISO2 is Mandatory,Beneficiary Postal Code is Mandatory,Beneficiary Region is Mandatory,Institution Name is Mandatory,Bank Account Number is Mandatory,Bank Country ISO2 is Mandatory,Bank Currency is Mandatory
case106;SPN1987678;PAT1986818 ;123456789fbnafadfadfbbafabafabfafjandfadfnadfndfbsdnvscnvbsnvbsndvbsdvbsdbvsnbvkvbsdvbsdvjsdbvsdvbsdv;1234567897856660000000000000000;123456789fbnafadfadfbbafabafabfafjandfadfnadfndfbsdnvscnvbsnvbsndvbsdvbsdbvsnbvkvbsdvbsdvjsdbvsdvbsdv;123456789fbnafadfadfbbafabafabfafjandfadfnadfndfbsdnvscnvbsnvbsndvbsdvbsdbvsnbvkvbsdvbsdvjsdbvsdvbsdv;123456789fbnafadfadfbbafabafabfafjandfadfnadfndfbsdnvscnvbsnvbsndvbsdvbsdbvsnbvkvbsdvbsdvjsdbvsdvbsdv;123456789fbnafadfadfbbafabafabfafjandfadfnadfndfbsdnvscnvbsnvbsndvbsdvbsdbvsnbvkvbsdvbsdvjsdbvsdvbsdv;90001;123456789fbnafadfadfbbafabafabfafjandfadfnadfndfbsdnvscnvbsnvbsndvbsdvbsdbvsnbvkvbsdvbsdvjsdbvsdvbsdv;123456789fbnafadfadfbbafabafabfafjandfadfnadfndfbsdnvscnvbsnvbsndvbsdvbsdbvsnbvkvbsdvbsdvjsdbvsdvbsdv;123456789fbnafadfadfbbafabafabfafjandfadfnadfndfbsdnvscnvbsnvbsndvbsdvbsdbvsnbvkvbsdvbsdvjsdbvsdvbsdv;123456789fbnafadfadfbbafabafabfafjandfadfnadfndfbsdnvscnvbsnvbsndvbsdvbsdbvsnbvkvbsdvbsdvjsdbvsdvbsdv;123456789fbnafadfadfbbafabafabfafjandfadfnadfndfbsdnvscnvbsnvbsndvbsdvbsdbvsnbvkvbsdvbsdvjsdbvsdvbsdv;123456789fbnafadfadfbbafabafabfafjandfadfnadfndfbsdnvscnvbsnvbsndvbsdvbsdbvsnbvkvbsdvbsdvjsdbvsdvbsdv;123456789fbnafadfadfbbafabafabfafjandfadfnadfndfbsdnvscnvbsnvbsndvbsdvbsdbvsnbvkvbsdvbsdvjsdbvsdvbsdv;123456789fbnafadfadfbbafabafabfafjandfadfnadfndfbsdnvscnvbsnvbsndvbsdvbsdbvsnbvkvbsdvbsdvjsdbvsdvbsdv;123456789fbnafadfadfbbafabafabfafjandfadfnadfndfbsdnvscnvbsnvbsndvbsdvbsdbvsnbvkvbsdvbsdvjsdbvsdvbsdv;123456789fbnafadfadfbbafabafabfafjandfadfnadfndfbsdnvscnvbsnvbsndvbsdvbsdbvsnbvkvbsdvbsdvjsdbvsdvbsdv;Maximum length of Beneficiary ContactName is 100,Maximum length of Beneficiary PhoneNumber is 15,Maximum length of Beneficiary AddressLine1 is 35,Maximum length of Beneficiary AddressLine2 is 35,Maximum length of Beneficiary City is 20,Maximum length of Beneficiary CountryISO2 is 2,Maximum length of Beneficiary Region is 30,Maximum length of InstitutionName  is 50,Maximum length of SWIFTBIC  is 12,Maximum length of AccountNumber  is 50,Maximum length of CountryISO2 is 2,Maximum length of Currency  is 3
case107;SPN1987678;PAT1986818 ;bene1;123456;bank address1;BankAddress2;Belmont ;California ;90001;NZ;Anz New Zealand Investments Limited;NZD;;74057720;;;;RemKRtance Line3;RemKRtance Line4;Bank Country ISO2 is Mandatory
case108;SPN1987678;PAT1986818 ;;123456;;BankAddress2;Belmont ;London;90001;CA;Canadian Imperial Bank of Commerce;CAD;;74057720;26009593;CA;;RemKRtance Line3;RemKRtance Line4;Beneficiary Name is Mandatory,Beneficiary AddressLine1 is Mandatory
case109;SPN1987678;PAT1986818 ;bene1;123456;bank address1;;Belmont ;California ;90001;CA;Canadian Imperial Bank of Commerce;CAD;;74057720;26009593;CA;;RemKRtance Line3;RemKRtance Line4;{ErrorMessage:Beneficiary address line 2 is required.,FieldName:AddressLine2,FieldLabel:AddressLine2}
case110;SPN1987678;PAT1986818 ;bene1;123456;bank address1;BankAddress2;;California ;90001;CA;Canadian Imperial Bank of Commerce;CAD;;74057720;26009593;CA;;RemKRtance Line3;RemKRtance Line4;Beneficiary City is Mandatory
case111;SPN1987678;PAT1986818 ;bene1;123456;bank address1;BankAddress2;Belmont ;;90001;CA;Canadian Imperial Bank of Commerce;CAD;;74057720;26009593;CA;;RemKRtance Line3;RemKRtance Line4;Beneficiary Region is Mandatory
case112;SPN1987678;PAT1986818 ;bene1;123456;bank address1;BankAddress2;Belmont ;California ;;CA;Canadian Imperial Bank of Commerce;CAD;;74057720;26009593;CA;;RemKRtance Line3;RemKRtance Line4;Beneficiary Postal Code is Mandatory
case113;SPN1987678;PAT1986818 ;bene1;123456;bank address1;BankAddress2;Belmont ;California ;90001;;Canadian Imperial Bank of Commerce;CAD;;74057720;26009593;CA;;RemKRtance Line3;RemKRtance Line4;Beneficiary Country ISO2 is Mandatory
case114;SPN1987678;PAT1986818 ;bene1;123456;;BankAddress2;Belmont ;California ;90001;CA;;CAD;;74057720;26009593;CA;;RemKRtance Line3;RemKRtance Line4;Beneficiary AddressLine1 is Mandatory,Institution Name is Mandatory
case115;SPN1987678;PAT1986818 ;bene1;123456;bank address1;BankAddress2;Belmont ;California ;90001;CA;Canadian Imperial Bank of Commerce;CAD;;;26009593;CA;;RemKRtance Line3;RemKRtance Line4;Bank Account Number is Mandatory
case116;SPN1987678;PAT1986818 ;bene1;123456;bank address1;BankAddress2;Belmont ;California ;90001;CA;Canadian Imperial Bank of Commerce;CAD;;74057720;;;;RemKRtance Line3;RemKRtance Line4;Bank Country ISO2 is Mandatory
case117;SPN1987678;PAT1986818 ;bene1;123456;bank address1;BankAddress2;Belmont ;California ;90001;CA;;CAD;;1234567890;123456;CA;;;;Institution Name is Mandatory
case118;SPN1987678;PAT1986818 ;bene1;123456;;BankAddress2;Belmont ;California ;90001;CA;Canadian Imperial Bank of Commerce;;;74057720;26009593;CA;;RemKRtance Line3;RemKRtance Line4;Beneficiary AddressLine1 is Mandatory,Bank Currency is Mandatory
case119;SPN1987678;PAT1986818 ;bene1;123456;bank address1;BankAddress2;Belmont ;California ;90001;CA;Canadian Imperial Bank of Commerce;1ad<;;74057720;26009593;CA;;RemKRtance Line3;RemKRtance Line4;Maximum length of Currency  is 3
case120;SPN1987678;PAT1986818 ;bene1;123456;bank address1;BankAddress2;Belmont ;California ;90001;CA;Canadian Imperial Bank of Commerce;CAD;;74057720;26009593;12;;RemKRtance Line3;RemKRtance Line4;Invalid bank information
case121;SPN1987678;PAT1986818 ;bene1;123456;bank address1;BankAddress2;Belmont ;dsasd13<;90001;12;Canadian Imperial Bank of Commerce;CAD;10853005085100;74057720;10853005085100;CA;;RemKRtance Line3;RemKRtance Line4;Maximum length of SWIFTBIC  is 12
case122;SPN1987678;PAT1986818 ;;;;;;;;;;;;;;;;;;Beneficiary Name is Mandatory,Beneficiary Phone Number is Mandatory,Beneficiary AddressLine1 is Mandatory,Beneficiary City is Mandatory,Beneficiary Country ISO2 is Mandatory,Beneficiary Postal Code is Mandatory,Beneficiary Region is Mandatory,Institution Name is Mandatory,Bank Account Number is Mandatory,Bank Country ISO2 is Mandatory,Bank Currency is Mandatory
case123;SPN1987678;PAT1986818 ;123456789fbnafadfadfbbafabafabfafjandfadfnadfndfbsdnvscnvbsnvbsndvbsdvbsdbvsnbvkvbsdvbsdvjsdbvsdvbsdv;1234567897856660000000000000000;123456789fbnafadfadfbbafabafabfafjandfadfnadfndfbsdnvscnvbsnvbsndvbsdvbsdbvsnbvkvbsdvbsdvjsdbvsdvbsdv;123456789fbnafadfadfbbafabafabfafjandfadfnadfndfbsdnvscnvbsnvbsndvbsdvbsdbvsnbvkvbsdvbsdvjsdbvsdvbsdv;123456789fbnafadfadfbbafabafabfafjandfadfnadfndfbsdnvscnvbsnvbsndvbsdvbsdbvsnbvkvbsdvbsdvjsdbvsdvbsdv;123456789fbnafadfadfbbafabafabfafjandfadfnadfndfbsdnvscnvbsnvbsndvbsdvbsdbvsnbvkvbsdvbsdvjsdbvsdvbsdv;90001;123456789fbnafadfadfbbafabafabfafjandfadfnadfndfbsdnvscnvbsnvbsndvbsdvbsdbvsnbvkvbsdvbsdvjsdbvsdvbsdv;123456789fbnafadfadfbbafabafabfafjandfadfnadfndfbsdnvscnvbsnvbsndvbsdvbsdbvsnbvkvbsdvbsdvjsdbvsdvbsdv;123456789fbnafadfadfbbafabafabfafjandfadfnadfndfbsdnvscnvbsnvbsndvbsdvbsdbvsnbvkvbsdvbsdvjsdbvsdvbsdv;123456789fbnafadfadfbbafabafabfafjandfadfnadfndfbsdnvscnvbsnvbsndvbsdvbsdbvsnbvkvbsdvbsdvjsdbvsdvbsdv;123456789fbnafadfadfbbafabafabfafjandfadfnadfndfbsdnvscnvbsnvbsndvbsdvbsdbvsnbvkvbsdvbsdvjsdbvsdvbsdv;123456789fbnafadfadfbbafabafabfafjandfadfnadfndfbsdnvscnvbsnvbsndvbsdvbsdbvsnbvkvbsdvbsdvjsdbvsdvbsdv;123456789fbnafadfadfbbafabafabfafjandfadfnadfndfbsdnvscnvbsnvbsndvbsdvbsdbvsnbvkvbsdvbsdvjsdbvsdvbsdv;123456789fbnafadfadfbbafabafabfafjandfadfnadfndfbsdnvscnvbsnvbsndvbsdvbsdbvsnbvkvbsdvbsdvjsdbvsdvbsdv;123456789fbnafadfadfbbafabafabfafjandfadfnadfndfbsdnvscnvbsnvbsndvbsdvbsdbvsnbvkvbsdvbsdvjsdbvsdvbsdv;123456789fbnafadfadfbbafabafabfafjandfadfnadfndfbsdnvscnvbsnvbsndvbsdvbsdbvsnbvkvbsdvbsdvjsdbvsdvbsdv;Maximum length of Beneficiary ContactName is 100,Maximum length of Beneficiary PhoneNumber is 15,Maximum length of Beneficiary AddressLine1 is 35,Maximum length of Beneficiary AddressLine2 is 35,Maximum length of Beneficiary City is 20,Maximum length of Beneficiary CountryISO2 is 2,Maximum length of Beneficiary Region is 30,Maximum length of InstitutionName  is 50,Maximum length of SWIFTBIC  is 12,Maximum length of AccountNumber  is 50,Maximum length of CountryISO2 is 2,Maximum length of Currency  is 3
case124;SPN1987678;PAT1986818 ;bene1;123456;bank address1;BankAddress2;Belmont ;California ;90001;CA;Canadian Imperial Bank of Commerce;CAD;;74057720;;;;RemKRtance Line3;RemKRtance Line4;Bank Country ISO2 is Mandatory
case125;SPN1987678;PAT1986818 ;;123456;;BankAddress2;Belmont ;London;90001;AE;EMIRATES NBD PJSC;AED;;74057720;26009593;AE;;RemKRtance Line3;RemKRtance Line4;Beneficiary Name is Mandatory,Beneficiary AddressLine1 is Mandatory
case126;SPN1987678;PAT1986818 ;bene1;123456;bank address1;;Belmont ;AElifornia ;90001;AE;EMIRATES NBD PJSC;AED;;74057720;26009593;AE;;RemKRtance Line3;RemKRtance Line4;{ErrorMessage:Beneficiary address line 2 is required.,FieldName:AddressLine2,FieldLabel:AddressLine2},{ErrorMessage:IBAN Number is invalid. Value must start with\AE\ followed by exactly 21 characters.,FieldName:AccountNumber,FieldLabel:AccountNumber}
case127;SPN1987678;PAT1986818 ;bene1;123456;bank address1;BankAddress2;;AElifornia ;90001;AE;EMIRATES NBD PJSC;AED;;74057720;26009593;AE;;RemKRtance Line3;RemKRtance Line4;Beneficiary City is Mandatory
case128;SPN1987678;PAT1986818 ;bene1;123456;bank address1;BankAddress2;Belmont ;;90001;AE;EMIRATES NBD PJSC;AED;;74057720;26009593;AE;;RemKRtance Line3;RemKRtance Line4;Beneficiary Region is Mandatory
case129;SPN1987678;PAT1986818 ;bene1;123456;bank address1;BankAddress2;Belmont ;AElifornia ;;AE;EMIRATES NBD PJSC;AED;;74057720;26009593;AE;;RemKRtance Line3;RemKRtance Line4;Beneficiary Postal Code is Mandatory
case130;SPN1987678;PAT1986818 ;bene1;123456;bank address1;BankAddress2;Belmont ;AElifornia ;90001;;EMIRATES NBD PJSC;AED;;74057720;26009593;AE;;RemKRtance Line3;RemKRtance Line4;Beneficiary Country ISO2 is Mandatory
case131;SPN1987678;PAT1986818 ;bene1;123456;;BankAddress2;Belmont ;AElifornia ;90001;AE;;AED;;74057720;26009593;AE;;RemKRtance Line3;RemKRtance Line4;Beneficiary AddressLine1 is Mandatory,Institution Name is Mandatory
case132;SPN1987678;PAT1986818 ;bene1;123456;bank address1;BankAddress2;Belmont ;AElifornia ;90001;AE;EMIRATES NBD PJSC;AED;;;26009593;AE;;RemKRtance Line3;RemKRtance Line4;Bank Account Number is Mandatory
case133;SPN1987678;PAT1986818 ;bene1;123456;bank address1;BankAddress2;Belmont ;AElifornia ;90001;AE;EMIRATES NBD PJSC;AED;;74057720;;;;RemKRtance Line3;RemKRtance Line4;Bank Country ISO2 is Mandatory
case134;SPN1987678;PAT1986818 ;bene1;123456;bank address1;BankAddress2;Belmont ;AElifornia ;90001;AE;;AED;;1234567890;123456;AE;;;;Institution Name is Mandatory
case135;SPN1987678;PAT1986818 ;bene1;123456;;BankAddress2;Belmont ;AElifornia ;90001;AE;EMIRATES NBD PJSC;;;74057720;26009593;AE;;RemKRtance Line3;RemKRtance Line4;Beneficiary AddressLine1 is Mandatory,Bank Currency is Mandatory
case136;SPN1987678;PAT1986818 ;bene1;123456;bank address1;BankAddress2;Belmont ;AElifornia ;90001;AE;EMIRATES NBD PJSC;1ad<;;74057720;26009593;AE;;RemKRtance Line3;RemKRtance Line4;Maximum length of Currency  is 3
case137;SPN1987678;PAT1986818 ;bene1;123456;bank address1;BankAddress2;Belmont ;AElifornia ;90001;AE;EMIRATES NBD PJSC;AED;;74057720;26009593;12;;RemKRtance Line3;RemKRtance Line4;Invalid bank information
case138;SPN1987678;PAT1986818 ;bene1;123456;bank address1;BankAddress2;Belmont ;dsasd13<;90001;12;EMIRATES NBD PJSC;AED;10853005085100;74057720;10853005085100;AE;;RemKRtance Line3;RemKRtance Line4;Maximum length of SWIFTBIC  is 12
case139;SPN1987678;PAT1986818 ;;;;;;;;;;;;;;;;;;Beneficiary Name is Mandatory,Beneficiary Phone Number is Mandatory,Beneficiary AddressLine1 is Mandatory,Beneficiary City is Mandatory,Beneficiary Country ISO2 is Mandatory,Beneficiary Postal Code is Mandatory,Beneficiary Region is Mandatory,Institution Name is Mandatory,Bank Account Number is Mandatory,Bank Country ISO2 is Mandatory,Bank Currency is Mandatory
case140;SPN1987678;PAT1986818 ;123456789fbnafadfadfbbafabafabfafjandfadfnadfndfbsdnvscnvbsnvbsndvbsdvbsdbvsnbvkvbsdvbsdvjsdbvsdvbsdv;1234567897856660000000000000000;123456789fbnafadfadfbbafabafabfafjandfadfnadfndfbsdnvscnvbsnvbsndvbsdvbsdbvsnbvkvbsdvbsdvjsdbvsdvbsdv;123456789fbnafadfadfbbafabafabfafjandfadfnadfndfbsdnvscnvbsnvbsndvbsdvbsdbvsnbvkvbsdvbsdvjsdbvsdvbsdv;123456789fbnafadfadfbbafabafabfafjandfadfnadfndfbsdnvscnvbsnvbsndvbsdvbsdbvsnbvkvbsdvbsdvjsdbvsdvbsdv;123456789fbnafadfadfbbafabafabfafjandfadfnadfndfbsdnvscnvbsnvbsndvbsdvbsdbvsnbvkvbsdvbsdvjsdbvsdvbsdv;90001;123456789fbnafadfadfbbafabafabfafjandfadfnadfndfbsdnvscnvbsnvbsndvbsdvbsdbvsnbvkvbsdvbsdvjsdbvsdvbsdv;123456789fbnafadfadfbbafabafabfafjandfadfnadfndfbsdnvscnvbsnvbsndvbsdvbsdbvsnbvkvbsdvbsdvjsdbvsdvbsdv;123456789fbnafadfadfbbafabafabfafjandfadfnadfndfbsdnvscnvbsnvbsndvbsdvbsdbvsnbvkvbsdvbsdvjsdbvsdvbsdv;123456789fbnafadfadfbbafabafabfafjandfadfnadfndfbsdnvscnvbsnvbsndvbsdvbsdbvsnbvkvbsdvbsdvjsdbvsdvbsdv;123456789fbnafadfadfbbafabafabfafjandfadfnadfndfbsdnvscnvbsnvbsndvbsdvbsdbvsnbvkvbsdvbsdvjsdbvsdvbsdv;123456789fbnafadfadfbbafabafabfafjandfadfnadfndfbsdnvscnvbsnvbsndvbsdvbsdbvsnbvkvbsdvbsdvjsdbvsdvbsdv;123456789fbnafadfadfbbafabafabfafjandfadfnadfndfbsdnvscnvbsnvbsndvbsdvbsdbvsnbvkvbsdvbsdvjsdbvsdvbsdv;123456789fbnafadfadfbbafabafabfafjandfadfnadfndfbsdnvscnvbsnvbsndvbsdvbsdbvsnbvkvbsdvbsdvjsdbvsdvbsdv;123456789fbnafadfadfbbafabafabfafjandfadfnadfndfbsdnvscnvbsnvbsndvbsdvbsdbvsnbvkvbsdvbsdvjsdbvsdvbsdv;123456789fbnafadfadfbbafabafabfafjandfadfnadfndfbsdnvscnvbsnvbsndvbsdvbsdbvsnbvkvbsdvbsdvjsdbvsdvbsdv;Maximum length of Beneficiary ContactName is 100,Maximum length of Beneficiary PhoneNumber is 15,Maximum length of Beneficiary AddressLine1 is 35,Maximum length of Beneficiary AddressLine2 is 35,Maximum length of Beneficiary City is 20,Maximum length of Beneficiary CountryISO2 is 2,Maximum length of Beneficiary Region is 30,Maximum length of InstitutionName  is 50,Maximum length of SWIFTBIC  is 12,Maximum length of AccountNumber  is 50,Maximum length of CountryISO2 is 2,Maximum length of Currency  is 3
case141;SPN1987678;PAT1986818 ;bene1;123456;bank address1;BankAddress2;Belmont ;AElifornia ;90001;AE;EMIRATES NBD PJSC;AED;;74057720;;;;RemKRtance Line3;RemKRtance Line4;Bank Country ISO2 is Mandatory
case142;SPN1987678;PAT1986818 ;;123456;;BankAddress2;Belmont ;BeneficiaryRegion;90001;HK;Standard Chartered Bank (Hong Kong) Limited;HKD;;74057720;26009593;HK;;RemKRtance Line3;RemKRtance Line4;Beneficiary Name is Mandatory,Beneficiary AddressLine1 is Mandatory
case143;SPN1987678;PAT1986818 ;bene1;123456;bank address1;;Belmont ;BeneficiaryRegion;90001;HK;Standard Chartered Bank (Hong Kong) Limited;HKD;;74057720;26009593;HK;;RemKRtance Line3;RemKRtance Line4;{ErrorMessage:Beneficiary address line 2 is required.,FieldName:AddressLine2,FieldLabel:AddressLine2},{ErrorMessage:HK Clearing Code is invalid. Value should be exactly 6 digits long.,FieldName:RoutingNumber,FieldLabel:RoutingNumber}
case144;SPN1987678;PAT1986818 ;bene1;123456;bank address1;BankAddress2;;BeneficiaryRegion;90001;HK;Standard Chartered Bank (Hong Kong) Limited;HKD;;74057720;26009593;HK;;RemKRtance Line3;RemKRtance Line4;Beneficiary City is Mandatory
case145;SPN1987678;PAT1986818 ;bene1;123456;bank address1;BankAddress2;Belmont ;;90001;HK;Standard Chartered Bank (Hong Kong) Limited;HKD;;74057720;26009593;HK;;RemKRtance Line3;RemKRtance Line4;Beneficiary Region is Mandatory
case146;SPN1987678;PAT1986818 ;bene1;123456;bank address1;BankAddress2;Belmont ;BeneficiaryRegion;;HK;Standard Chartered Bank (Hong Kong) Limited;HKD;;74057720;26009593;HK;;RemKRtance Line3;RemKRtance Line4;Beneficiary Postal Code is Mandatory
case147;SPN1987678;PAT1986818 ;bene1;123456;bank address1;BankAddress2;Belmont ;BeneficiaryRegion;90001;;Standard Chartered Bank (Hong Kong) Limited;HKD;;74057720;26009593;HK;;RemKRtance Line3;RemKRtance Line4;Beneficiary Country ISO2 is Mandatory
case148;SPN1987678;PAT1986818 ;bene1;123456;;BankAddress2;Belmont ;BeneficiaryRegion;90001;HK;;HKD;;74057720;26009593;HK;;RemKRtance Line3;RemKRtance Line4;Beneficiary AddressLine1 is Mandatory,Institution Name is Mandatory
case149;SPN1987678;PAT1986818 ;bene1;123456;bank address1;BankAddress2;Belmont ;BeneficiaryRegion;90001;HK;Standard Chartered Bank (Hong Kong) Limited;HKD;;;26009593;HK;;RemKRtance Line3;RemKRtance Line4;Bank Account Number is Mandatory
case150;SPN1987678;PAT1986818 ;bene1;123456;bank address1;BankAddress2;Belmont ;BeneficiaryRegion;90001;HK;Standard Chartered Bank (Hong Kong) Limited;HKD;;74057720;;;;RemKRtance Line3;RemKRtance Line4;Bank Country ISO2 is Mandatory
case151;SPN1987678;PAT1986818 ;bene1;123456;bank address1;BankAddress2;Belmont ;BeneficiaryRegion;90001;HK;;HKD;;1234567890;123456;HK;;;;Institution Name is Mandatory
case152;SPN1987678;PAT1986818 ;bene1;123456;;BankAddress2;Belmont ;BeneficiaryRegion;90001;HK;Standard Chartered Bank (Hong Kong) Limited;;;74057720;26009593;HK;;RemKRtance Line3;RemKRtance Line4;Beneficiary AddressLine1 is Mandatory,Bank Currency is Mandatory
case153;SPN1987678;PAT1986818 ;bene1;123456;bank address1;BankAddress2;Belmont ;BeneficiaryRegion;90001;HK;Standard Chartered Bank (Hong Kong) Limited;1ad<;;74057720;26009593;HK;;RemKRtance Line3;RemKRtance Line4;Maximum length of Currency  is 3
case154;SPN1987678;PAT1986818 ;bene1;123456;bank address1;BankAddress2;Belmont ;BeneficiaryRegion;90001;HK;Standard Chartered Bank (Hong Kong) Limited;HKD;;74057720;26009593;12;;RemKRtance Line3;RemKRtance Line4;Invalid bank information
case155;SPN1987678;PAT1986818 ;bene1;123456;bank address1;BankAddress2;Belmont ;dsasd13<;90001;12;Standard Chartered Bank (Hong Kong) Limited;HKD;10853005085100;74057720;10853005085100;HK;;RemKRtance Line3;RemKRtance Line4;Maximum length of SWIFTBIC  is 12
case156;SPN1987678;PAT1986818 ;;;;;;;;;;;;;;;;;;Beneficiary Name is Mandatory,Beneficiary Phone Number is Mandatory,Beneficiary AddressLine1 is Mandatory,Beneficiary City is Mandatory,Beneficiary Country ISO2 is Mandatory,Beneficiary Postal Code is Mandatory,Beneficiary Region is Mandatory,Institution Name is Mandatory,Bank Account Number is Mandatory,Bank Country ISO2 is Mandatory,Bank Currency is Mandatory
case157;SPN1987678;PAT1986818 ;123456789fbnafadfadfbbafabafabfafjandfadfnadfndfbsdnvscnvbsnvbsndvbsdvbsdbvsnbvkvbsdvbsdvjsdbvsdvbsdv;1234567897856660000000000000000;123456789fbnafadfadfbbafabafabfafjandfadfnadfndfbsdnvscnvbsnvbsndvbsdvbsdbvsnbvkvbsdvbsdvjsdbvsdvbsdv;123456789fbnafadfadfbbafabafabfafjandfadfnadfndfbsdnvscnvbsnvbsndvbsdvbsdbvsnbvkvbsdvbsdvjsdbvsdvbsdv;123456789fbnafadfadfbbafabafabfafjandfadfnadfndfbsdnvscnvbsnvbsndvbsdvbsdbvsnbvkvbsdvbsdvjsdbvsdvbsdv;123456789fbnafadfadfbbafabafabfafjandfadfnadfndfbsdnvscnvbsnvbsndvbsdvbsdbvsnbvkvbsdvbsdvjsdbvsdvbsdv;90001;123456789fbnafadfadfbbafabafabfafjandfadfnadfndfbsdnvscnvbsnvbsndvbsdvbsdbvsnbvkvbsdvbsdvjsdbvsdvbsdv;123456789fbnafadfadfbbafabafabfafjandfadfnadfndfbsdnvscnvbsnvbsndvbsdvbsdbvsnbvkvbsdvbsdvjsdbvsdvbsdv;123456789fbnafadfadfbbafabafabfafjandfadfnadfndfbsdnvscnvbsnvbsndvbsdvbsdbvsnbvkvbsdvbsdvjsdbvsdvbsdv;123456789fbnafadfadfbbafabafabfafjandfadfnadfndfbsdnvscnvbsnvbsndvbsdvbsdbvsnbvkvbsdvbsdvjsdbvsdvbsdv;123456789fbnafadfadfbbafabafabfafjandfadfnadfndfbsdnvscnvbsnvbsndvbsdvbsdbvsnbvkvbsdvbsdvjsdbvsdvbsdv;123456789fbnafadfadfbbafabafabfafjandfadfnadfndfbsdnvscnvbsnvbsndvbsdvbsdbvsnbvkvbsdvbsdvjsdbvsdvbsdv;123456789fbnafadfadfbbafabafabfafjandfadfnadfndfbsdnvscnvbsnvbsndvbsdvbsdbvsnbvkvbsdvbsdvjsdbvsdvbsdv;123456789fbnafadfadfbbafabafabfafjandfadfnadfndfbsdnvscnvbsnvbsndvbsdvbsdbvsnbvkvbsdvbsdvjsdbvsdvbsdv;123456789fbnafadfadfbbafabafabfafjandfadfnadfndfbsdnvscnvbsnvbsndvbsdvbsdbvsnbvkvbsdvbsdvjsdbvsdvbsdv;123456789fbnafadfadfbbafabafabfafjandfadfnadfndfbsdnvscnvbsnvbsndvbsdvbsdbvsnbvkvbsdvbsdvjsdbvsdvbsdv;Maximum length of Beneficiary ContactName is 100,Maximum length of Beneficiary PhoneNumber is 15,Maximum length of Beneficiary AddressLine1 is 35,Maximum length of Beneficiary AddressLine2 is 35,Maximum length of Beneficiary City is 20,Maximum length of Beneficiary CountryISO2 is 2,Maximum length of Beneficiary Region is 30,Maximum length of InstitutionName  is 50,Maximum length of SWIFTBIC  is 12,Maximum length of AccountNumber  is 50,Maximum length of CountryISO2 is 2,Maximum length of Currency  is 3
case158;SPN1987678;PAT1986818 ;bene1;123456;bank address1;BankAddress2;Belmont ;BeneficiaryRegion;90001;HK;Standard Chartered Bank (Hong Kong) Limited;HKD;;74057720;;;;RemKRtance Line3;RemKRtance Line4;Bank Country ISO2 is Mandatory
case159;SPN1987678;PAT1986818 ;;123456;;BankAddress2;Belmont ;BeneficiaryRegion;90001;IN;HDFC;INR;;74057720;26009593;IN;;RemKRtance Line3;RemKRtance Line4;Beneficiary Name is Mandatory,Beneficiary AddressLine1 is Mandatory
case160;SPN1987678;PAT1986818 ;bene1;123456;bank address1;;Belmont ;BeneficiaryRegion;90001;IN;HDFC;INR;;74057720;26009593;IN;;RemKRtance Line3;RemKRtance Line4;{ErrorMessage:Beneficiary address line 2 is required.,FieldName:AddressLine2,FieldLabel:AddressLine2},{ErrorMessage:IFSC Code is invalid. Value should be exactly 11 characters long.,FieldName:RoutingNumber,FieldLabel:RoutingNumber}
case161;SPN1987678;PAT1986818 ;bene1;123456;bank address1;BankAddress2;;BeneficiaryRegion;90001;IN;HDFC;INR;;74057720;26009593;IN;;RemKRtance Line3;RemKRtance Line4;Beneficiary City is Mandatory
case162;SPN1987678;PAT1986818 ;bene1;123456;bank address1;BankAddress2;Belmont ;;90001;IN;HDFC;INR;;74057720;26009593;IN;;RemKRtance Line3;RemKRtance Line4;Beneficiary Region is Mandatory
case163;SPN1987678;PAT1986818 ;bene1;123456;bank address1;BankAddress2;Belmont ;BeneficiaryRegion;;IN;HDFC;INR;;74057720;26009593;IN;;RemKRtance Line3;RemKRtance Line4;Beneficiary Postal Code is Mandatory
case164;SPN1987678;PAT1986818 ;bene1;123456;bank address1;BankAddress2;Belmont ;BeneficiaryRegion;90001;;HDFC;INR;;74057720;26009593;IN;;RemKRtance Line3;RemKRtance Line4;Beneficiary Country ISO2 is Mandatory
case165;SPN1987678;PAT1986818 ;bene1;123456;;BankAddress2;Belmont ;BeneficiaryRegion;90001;IN;;INR;;74057720;26009593;IN;;RemKRtance Line3;RemKRtance Line4;Beneficiary AddressLine1 is Mandatory,Institution Name is Mandatory
case166;SPN1987678;PAT1986818 ;bene1;123456;bank address1;BankAddress2;Belmont ;BeneficiaryRegion;90001;IN;HDFC;INR;;;26009593;IN;;RemKRtance Line3;RemKRtance Line4;Bank Account Number is Mandatory
case167;SPN1987678;PAT1986818 ;bene1;123456;bank address1;BankAddress2;Belmont ;BeneficiaryRegion;90001;IN;HDFC;INR;;74057720;;;;RemKRtance Line3;RemKRtance Line4;Bank Country ISO2 is Mandatory
case168;SPN1987678;PAT1986818 ;bene1;123456;bank address1;BankAddress2;Belmont ;BeneficiaryRegion;90001;IN;;INR;;1234567890;123456;IN;;;;Institution Name is Mandatory
case169;SPN1987678;PAT1986818 ;bene1;123456;;BankAddress2;Belmont ;BeneficiaryRegion;90001;IN;HDFC;;;74057720;26009593;IN;;RemKRtance Line3;RemKRtance Line4;Beneficiary AddressLine1 is Mandatory,Bank Currency is Mandatory
case170;SPN1987678;PAT1986818 ;bene1;123456;bank address1;BankAddress2;Belmont ;BeneficiaryRegion;90001;IN;HDFC;1ad<;;74057720;26009593;IN;;RemKRtance Line3;RemKRtance Line4;Maximum length of Currency  is 3
case171;SPN1987678;PAT1986818 ;bene1;123456;bank address1;BankAddress2;Belmont ;BeneficiaryRegion;90001;IN;HDFC;INR;;74057720;26009593;12;;RemKRtance Line3;RemKRtance Line4;Invalid bank information
case172;SPN1987678;PAT1986818 ;bene1;123456;bank address1;BankAddress2;Belmont ;dsasd13<;90001;12;HDFC;INR;10853005085100;74057720;10853005085100;IN;;RemKRtance Line3;RemKRtance Line4;Maximum length of SWIFTBIC  is 12
case173;SPN1987678;PAT1986818 ;;;;;;;;;;;;;;;;;;Beneficiary Name is Mandatory,Beneficiary Phone Number is Mandatory,Beneficiary AddressLine1 is Mandatory,Beneficiary City is Mandatory,Beneficiary Country ISO2 is Mandatory,Beneficiary Postal Code is Mandatory,Beneficiary Region is Mandatory,Institution Name is Mandatory,Bank Account Number is Mandatory,Bank Country ISO2 is Mandatory,Bank Currency is Mandatory
case174;SPN1987678;PAT1986818 ;123456789fbnafadfadfbbafabafabfafjandfadfnadfndfbsdnvscnvbsnvbsndvbsdvbsdbvsnbvkvbsdvbsdvjsdbvsdvbsdv;1234567897856660000000000000000;123456789fbnafadfadfbbafabafabfafjandfadfnadfndfbsdnvscnvbsnvbsndvbsdvbsdbvsnbvkvbsdvbsdvjsdbvsdvbsdv;123456789fbnafadfadfbbafabafabfafjandfadfnadfndfbsdnvscnvbsnvbsndvbsdvbsdbvsnbvkvbsdvbsdvjsdbvsdvbsdv;123456789fbnafadfadfbbafabafabfafjandfadfnadfndfbsdnvscnvbsnvbsndvbsdvbsdbvsnbvkvbsdvbsdvjsdbvsdvbsdv;123456789fbnafadfadfbbafabafabfafjandfadfnadfndfbsdnvscnvbsnvbsndvbsdvbsdbvsnbvkvbsdvbsdvjsdbvsdvbsdv;90001;123456789fbnafadfadfbbafabafabfafjandfadfnadfndfbsdnvscnvbsnvbsndvbsdvbsdbvsnbvkvbsdvbsdvjsdbvsdvbsdv;123456789fbnafadfadfbbafabafabfafjandfadfnadfndfbsdnvscnvbsnvbsndvbsdvbsdbvsnbvkvbsdvbsdvjsdbvsdvbsdv;123456789fbnafadfadfbbafabafabfafjandfadfnadfndfbsdnvscnvbsnvbsndvbsdvbsdbvsnbvkvbsdvbsdvjsdbvsdvbsdv;123456789fbnafadfadfbbafabafabfafjandfadfnadfndfbsdnvscnvbsnvbsndvbsdvbsdbvsnbvkvbsdvbsdvjsdbvsdvbsdv;123456789fbnafadfadfbbafabafabfafjandfadfnadfndfbsdnvscnvbsnvbsndvbsdvbsdbvsnbvkvbsdvbsdvjsdbvsdvbsdv;123456789fbnafadfadfbbafabafabfafjandfadfnadfndfbsdnvscnvbsnvbsndvbsdvbsdbvsnbvkvbsdvbsdvjsdbvsdvbsdv;123456789fbnafadfadfbbafabafabfafjandfadfnadfndfbsdnvscnvbsnvbsndvbsdvbsdbvsnbvkvbsdvbsdvjsdbvsdvbsdv;123456789fbnafadfadfbbafabafabfafjandfadfnadfndfbsdnvscnvbsnvbsndvbsdvbsdbvsnbvkvbsdvbsdvjsdbvsdvbsdv;123456789fbnafadfadfbbafabafabfafjandfadfnadfndfbsdnvscnvbsnvbsndvbsdvbsdbvsnbvkvbsdvbsdvjsdbvsdvbsdv;123456789fbnafadfadfbbafabafabfafjandfadfnadfndfbsdnvscnvbsnvbsndvbsdvbsdbvsnbvkvbsdvbsdvjsdbvsdvbsdv;Maximum length of Beneficiary ContactName is 100,Maximum length of Beneficiary PhoneNumber is 15,Maximum length of Beneficiary AddressLine1 is 35,Maximum length of Beneficiary AddressLine2 is 35,Maximum length of Beneficiary City is 20,Maximum length of Beneficiary CountryISO2 is 2,Maximum length of Beneficiary Region is 30,Maximum length of InstitutionName  is 50,Maximum length of SWIFTBIC  is 12,Maximum length of AccountNumber  is 50,Maximum length of CountryISO2 is 2,Maximum length of Currency  is 3
case175;SPN1987678;PAT1986818 ;bene1;123456;bank address1;BankAddress2;Belmont ;BeneficiaryRegion;90001;IN;HDFC;INR;;74057720;;;;RemKRtance Line3;RemKRtance Line4;Bank Country ISO2 is Mandatory
case176;SPN1987678;PAT1986818 ;;123456;;BankAddress2;Belmont ;BeneficiaryRegion;90001;BR;Banco;BRL;;74057720;26009593;BR;;RemKRtance LBRe3;RemKRtance LBRe4;Beneficiary Name is Mandatory,Beneficiary AddressLine1 is Mandatory
case177;SPN1987678;PAT1986818 ;bene1;123456;bank address1;;Belmont ;BeneficiaryRegion;90001;BR;Banco;BRL;;74057720;26009593;BR;;RemKRtance LBRe3;RemKRtance LBRe4;{ErrorMessage:Beneficiary address line 2 is required.,FieldName:AddressLine2,FieldLabel:AddressLine2},{ErrorMessage:IBAN Number is invalid. Value must start with\BR\ followed by exactly 27 characters.,FieldName:AccountNumber,FieldLabel:AccountNumber},{ErrorMessage:Beneficiary CPF is invalid. Value should be exactly 11 digits long.,FieldName:BeneficiaryCPF,FieldLabel:Beneficiary CPF},{ErrorMessage:Agency Code is invalid. Value should be betweem 4 and 5 digits long.,FieldName:AgencyCode,FieldLabel:Agency Code},{ErrorMessage:Contact name is invalid. Value should be 3 to 30 characters long.,FieldName:ContactName,FieldLabel:Contact Name},{ErrorMessage:Beneficiary account type is invalid. Account type should be CACC or SVGS.,FieldName:BeneficiaryAccountType,FieldLabel:Account Type}
case178;SPN1987678;PAT1986818 ;bene1;123456;bank address1;BankAddress2;;BeneficiaryRegion;90001;BR;Banco;BRL;;74057720;26009593;BR;;RemKRtance LBRe3;RemKRtance LBRe4;Beneficiary City is Mandatory
case179;SPN1987678;PAT1986818 ;bene1;123456;bank address1;BankAddress2;Belmont ;;90001;BR;Banco;BRL;;74057720;26009593;BR;;RemKRtance LBRe3;RemKRtance LBRe4;Beneficiary Region is Mandatory
case180;SPN1987678;PAT1986818 ;bene1;123456;bank address1;BankAddress2;Belmont ;BeneficiaryRegion;;BR;Banco;BRL;;74057720;26009593;BR;;RemKRtance LBRe3;RemKRtance LBRe4;Beneficiary Postal Code is Mandatory
case181;SPN1987678;PAT1986818 ;bene1;123456;bank address1;BankAddress2;Belmont ;BeneficiaryRegion;90001;;Banco;BRL;;74057720;26009593;BR;;RemKRtance LBRe3;RemKRtance LBRe4;Beneficiary Country ISO2 is Mandatory
case182;SPN1987678;PAT1986818 ;bene1;123456;;BankAddress2;Belmont ;BeneficiaryRegion;90001;BR;;BRL;;74057720;26009593;BR;;RemKRtance LBRe3;RemKRtance LBRe4;Beneficiary AddressLine1 is Mandatory,Institution Name is Mandatory
case183;SPN1987678;PAT1986818 ;bene1;123456;bank address1;BankAddress2;Belmont ;BeneficiaryRegion;90001;BR;Banco;BRL;;;26009593;BR;;RemKRtance LBRe3;RemKRtance LBRe4;Bank Account Number is Mandatory
case184;SPN1987678;PAT1986818 ;bene1;123456;bank address1;BankAddress2;Belmont ;BeneficiaryRegion;90001;BR;Banco;BRL;;74057720;;;;RemKRtance LBRe3;RemKRtance LBRe4;Bank Country ISO2 is Mandatory
case185;SPN1987678;PAT1986818 ;bene1;123456;bank address1;BankAddress2;Belmont ;BeneficiaryRegion;90001;BR;;BRL;;1234567890;123456;BR;;;;Institution Name is Mandatory
case186;SPN1987678;PAT1986818 ;bene1;123456;;BankAddress2;Belmont ;BeneficiaryRegion;90001;BR;Banco;;;74057720;26009593;BR;;RemKRtance LBRe3;RemKRtance LBRe4;Beneficiary AddressLine1 is Mandatory,Bank Currency is Mandatory
case187;SPN1987678;PAT1986818 ;bene1;123456;bank address1;BankAddress2;Belmont ;BeneficiaryRegion;90001;BR;Banco;1ad<;;74057720;26009593;BR;;RemKRtance LBRe3;RemKRtance LBRe4;Maximum length of Currency  is 3
case188;SPN1987678;PAT1986818 ;bene1;123456;bank address1;BankAddress2;Belmont ;BeneficiaryRegion;90001;BR;Banco;BRL;;74057720;26009593;12;;RemKRtance LBRe3;RemKRtance LBRe4;Invalid bank information
case189;SPN1987678;PAT1986818 ;bene1;123456;bank address1;BankAddress2;Belmont ;dsasd13<;90001;12;Banco;BRL;10853005085100;74057720;10853005085100;BR;;RemKRtance LBRe3;RemKRtance LBRe4;Maximum length of SWIFTBIC  is 12
case190;SPN1987678;PAT1986818 ;;;;;;;;;;;;;;;;;;Beneficiary Name is Mandatory,Beneficiary Phone Number is Mandatory,Beneficiary AddressLine1 is Mandatory,Beneficiary City is Mandatory,Beneficiary Country ISO2 is Mandatory,Beneficiary Postal Code is Mandatory,Beneficiary Region is Mandatory,Institution Name is Mandatory,Bank Account Number is Mandatory,Bank Country ISO2 is Mandatory,Bank Currency is Mandatory
case191;SPN1987678;PAT1986818 ;123456789fbnafadfadfbbafabafabfafjandfadfnadfndfbsdnvscnvbsnvbsndvbsdvbsdbvsnbvkvbsdvbsdvjsdbvsdvbsdv;1234567897856660000000000000000;123456789fbnafadfadfbbafabafabfafjandfadfnadfndfbsdnvscnvbsnvbsndvbsdvbsdbvsnbvkvbsdvbsdvjsdbvsdvbsdv;123456789fbnafadfadfbbafabafabfafjandfadfnadfndfbsdnvscnvbsnvbsndvbsdvbsdbvsnbvkvbsdvbsdvjsdbvsdvbsdv;123456789fbnafadfadfbbafabafabfafjandfadfnadfndfbsdnvscnvbsnvbsndvbsdvbsdbvsnbvkvbsdvbsdvjsdbvsdvbsdv;123456789fbnafadfadfbbafabafabfafjandfadfnadfndfbsdnvscnvbsnvbsndvbsdvbsdbvsnbvkvbsdvbsdvjsdbvsdvbsdv;90001;123456789fbnafadfadfbbafabafabfafjandfadfnadfndfbsdnvscnvbsnvbsndvbsdvbsdbvsnbvkvbsdvbsdvjsdbvsdvbsdv;123456789fbnafadfadfbbafabafabfafjandfadfnadfndfbsdnvscnvbsnvbsndvbsdvbsdbvsnbvkvbsdvbsdvjsdbvsdvbsdv;123456789fbnafadfadfbbafabafabfafjandfadfnadfndfbsdnvscnvbsnvbsndvbsdvbsdbvsnbvkvbsdvbsdvjsdbvsdvbsdv;123456789fbnafadfadfbbafabafabfafjandfadfnadfndfbsdnvscnvbsnvbsndvbsdvbsdbvsnbvkvbsdvbsdvjsdbvsdvbsdv;123456789fbnafadfadfbbafabafabfafjandfadfnadfndfbsdnvscnvbsnvbsndvbsdvbsdbvsnbvkvbsdvbsdvjsdbvsdvbsdv;123456789fbnafadfadfbbafabafabfafjandfadfnadfndfbsdnvscnvbsnvbsndvbsdvbsdbvsnbvkvbsdvbsdvjsdbvsdvbsdv;123456789fbnafadfadfbbafabafabfafjandfadfnadfndfbsdnvscnvbsnvbsndvbsdvbsdbvsnbvkvbsdvbsdvjsdbvsdvbsdv;123456789fbnafadfadfbbafabafabfafjandfadfnadfndfbsdnvscnvbsnvbsndvbsdvbsdbvsnbvkvbsdvbsdvjsdbvsdvbsdv;123456789fbnafadfadfbbafabafabfafjandfadfnadfndfbsdnvscnvbsnvbsndvbsdvbsdbvsnbvkvbsdvbsdvjsdbvsdvbsdv;123456789fbnafadfadfbbafabafabfafjandfadfnadfndfbsdnvscnvbsnvbsndvbsdvbsdbvsnbvkvbsdvbsdvjsdbvsdvbsdv;Maximum length of Beneficiary ContactName is 100,Maximum length of Beneficiary PhoneNumber is 15,Maximum length of Beneficiary AddressLine1 is 35,Maximum length of Beneficiary AddressLine2 is 35,Maximum length of Beneficiary City is 20,Maximum length of Beneficiary CountryISO2 is 2,Maximum length of Beneficiary Region is 30,Maximum length of InstitutionName  is 50,Maximum length of SWIFTBIC  is 12,Maximum length of AccountNumber  is 50,Maximum length of CountryISO2 is 2,Maximum length of Currency  is 3
case192;SPN1987678;PAT1986818 ;bene1;123456;bank address1;BankAddress2;Belmont ;BeneficiaryRegion;90001;BR;Banco;BRL;;74057720;;;;RemKRtance LBRe3;RemKRtance LBRe4;Bank Country ISO2 is Mandatory
